strategy_id,label,dna,n_params,robustness_score,eligible,n_profitable_assets,n_assets,total_trades,min_trades_per_asset,avg_profit_factor,avg_sharpe,cross_asset_sharpe_std,BTCUSD_daily_trades,BTCUSD_daily_return_pct,BTCUSD_daily_pf,BTCUSD_daily_sharpe,BTCUSD_hourly_trades,BTCUSD_hourly_return_pct,BTCUSD_hourly_pf,BTCUSD_hourly_sharpe,EURUSDX_daily_trades,EURUSDX_daily_return_pct,EURUSDX_daily_pf,EURUSDX_daily_sharpe,EURUSDX_hourly_trades,EURUSDX_hourly_return_pct,EURUSDX_hourly_pf,EURUSDX_hourly_sharpe,GLD_daily_trades,GLD_daily_return_pct,GLD_daily_pf,GLD_daily_sharpe,GLD_hourly_trades,GLD_hourly_return_pct,GLD_hourly_pf,GLD_hourly_sharpe,SPY_daily_trades,SPY_daily_return_pct,SPY_daily_pf,SPY_daily_sharpe,SPY_hourly_trades,SPY_hourly_return_pct,SPY_hourly_pf,SPY_hourly_sharpe,TNX_daily_trades,TNX_daily_return_pct,TNX_daily_pf,TNX_daily_sharpe,TNX_hourly_trades,TNX_hourly_return_pct,TNX_hourly_pf,TNX_hourly_sharpe
S4533628,LONG: lowest_low_10 + 0.75xATR(40)  |  filter=adx_below(40)  |  exit=ATR stop 2.0x / target 5.0x,lowest_low_10|adx_below|atr_stop_target|long,6,73.0,True,9,10,4478,165,1.3,0.73,0.56,230,1667.1,1.46,0.69,941,80.6,1.12,1.0,258,5.0,1.05,0.07,643,-1.1,0.99,-0.06,305,1265.5,1.69,0.85,199,69.2,1.48,1.67,460,264.0,1.23,0.31,198,32.8,1.31,1.06,1079,740.5,1.22,0.25,165,57.5,1.48,1.48
S3692809,LONG: lowest_low_10 + 1.0xATR(40)  |  filter=adx_master_filter  |  exit=EOD (close at end of session),lowest_low_10|adx_master_filter|eod_exit|long,4,71.8,True,10,10,10996,333,1.15,0.54,0.53,1267,254.6,1.15,0.47,628,60.2,1.14,0.8,1026,5.3,1.07,0.11,438,2.4,1.04,0.23,1096,19.5,1.07,0.16,389,11.9,1.17,0.72,1915,62.2,1.1,0.23,342,10.5,1.17,0.55,3562,67.9,1.09,0.14,333,41.9,1.49,1.96
S4246597,LONG: lowest_low_10 + 0.5xATR(10)  |  filter=adx_master_filter  |  exit=EOD (close at end of session),lowest_low_10|adx_master_filter|eod_exit|long,4,71.5,True,10,10,12530,368,1.13,0.49,0.46,1485,285.7,1.14,0.49,639,52.0,1.13,0.72,1356,6.2,1.07,0.12,448,4.1,1.07,0.36,1244,20.6,1.07,0.16,424,8.8,1.11,0.53,2101,26.8,1.05,0.13,368,11.2,1.16,0.57,4075,50.8,1.07,0.12,390,38.7,1.39,1.72
S6737831,LONG: lowest_low_10 + 0.5xATR(30)  |  filter=close_above_sma100  |  exit=stop@POI / target 5.0xATR,lowest_low_10|close_above_sma100|poi_anchored_stop|long,5,69.8,True,9,10,2643,103,1.37,0.58,0.41,167,13452.2,2.1,1.14,551,-1.5,1.02,0.12,179,35.5,1.25,0.23,323,6.2,1.13,0.64,201,251.0,1.5,0.5,127,51.9,1.52,1.46,322,477.8,1.51,0.52,124,3.3,1.07,0.2,546,808.2,1.35,0.29,103,18.9,1.28,0.71
S8886116,LONG: donchian_low20 + 3.0xATR(40)  |  filter=shallow_pullback_long(0.75)  |  exit=time(5 bars),donchian_low20|shallow_pullback_long|time_exit|long,5,62.4,True,7,10,4413,178,1.18,0.36,0.35,242,1841.6,1.65,0.82,808,-1.1,1.02,0.12,237,-16.1,0.87,-0.17,566,-1.5,0.97,-0.17,333,86.7,1.25,0.33,208,14.1,1.17,0.59,647,121.3,1.22,0.32,217,13.9,1.26,0.88,977,334.1,1.22,0.26,178,12.6,1.2,0.65
S6232800,LONG: sma50 + 1.5xATR(20)  |  filter=adx_below(35)  |  exit=stop@POI / target 2.0xATR,sma50|adx_below|poi_anchored_stop|long,5,61.6,True,8,10,2811,112,1.22,0.33,0.45,162,1074.1,1.68,0.84,555,-32.5,0.9,-0.72,152,-8.2,0.96,-0.05,342,1.2,1.03,0.18,256,225.5,1.45,0.53,124,6.1,1.11,0.33,332,240.5,1.41,0.48,118,7.4,1.17,0.54,658,181.8,1.19,0.19,112,20.6,1.34,0.94
S7365927,LONG: prev_close + 1.0xATR(20)  |  exit=EOD (close at end of session),prev_close|none|eod_exit|long,3,60.3,True,7,10,5154,187,1.25,0.6,1.03,317,104.4,1.27,0.41,528,68.9,1.2,1.0,272,-0.3,1.0,-0.0,428,-0.6,1.0,-0.02,481,4.3,1.05,0.07,229,11.5,1.3,1.01,631,-22.3,0.88,-0.19,197,2.1,1.07,0.19,1884,31.4,1.11,0.1,187,63.6,2.59,3.48
S7812348,LONG: donchian_low20 + 0.5xATR(40)  |  filter=shallow_pullback_long(1.0)  |  exit=time(5 bars),donchian_low20|shallow_pullback_long|time_exit|long,5,60.1,True,7,10,6821,280,1.12,0.24,0.34,384,3048.3,1.51,0.83,1465,-8.3,1.0,0.03,525,-11.0,0.97,-0.05,975,-3.2,0.96,-0.3,474,244.1,1.35,0.51,280,23.0,1.19,0.79,857,17.0,1.05,0.1,303,2.3,1.04,0.16,1275,3.3,1.06,0.08,283,4.1,1.05,0.22
S3332590,LONG: donchian_low20 + 0.5xATR(14)  |  exit=ATR stop 1.5x / target 1.5x,donchian_low20|none|atr_stop_target|long,5,60.1,True,7,10,10675,420,1.11,0.37,0.52,566,1337.8,1.26,0.7,2182,-22.0,0.98,-0.23,631,-4.3,1.0,0.01,1541,-6.3,0.96,-0.59,781,377.1,1.25,0.61,452,25.3,1.15,0.94,1188,205.4,1.12,0.31,452,15.2,1.11,0.7,2462,35.7,1.06,0.12,420,35.6,1.19,1.18
S5841066,LONG: sma50 + 2.0xATR(14)  |  filter=adx_master_filter  |  exit=ATR stop 1.0x / target 1.5x,sma50|adx_master_filter|atr_stop_target|long,6,60.0,True,7,10,4186,162,1.15,0.38,0.6,317,729.8,1.4,0.78,790,-12.2,0.96,-0.36,197,-11.6,0.89,-0.16,558,-1.5,0.97,-0.24,344,15.3,1.07,0.13,245,24.9,1.4,1.72,434,21.2,1.09,0.14,162,7.2,1.24,0.87,958,406.4,1.33,0.39,181,7.4,1.13,0.52
S6703084,LONG: lowest_low_10 + 0.5xATR(40)  |  filter=shallow_pullback_long(0.5)  |  exit=EOD (close at end of session),lowest_low_10|shallow_pullback_long|eod_exit|long,4,57.4,True,6,10,7973,261,1.12,0.38,0.53,569,397.9,1.34,0.7,638,31.2,1.1,0.56,739,-0.2,1.0,0.0,455,-3.2,0.96,-0.23,816,6.2,1.04,0.08,261,20.1,1.5,1.44,1591,-21.6,0.95,-0.13,277,3.1,1.08,0.3,2366,-11.8,0.99,-0.01,261,17.2,1.29,1.09
S7579119,LONG: lowest_low_10 + 2.5xATR(10)  |  filter=atr_expansion(1.0)  |  exit=EOD (close at end of session),lowest_low_10|atr_expansion|eod_exit|long,4,57.1,True,6,10,4776,121,1.16,0.35,0.55,418,510.0,1.46,0.77,425,53.9,1.18,0.86,289,1.0,1.06,0.04,310,-1.7,0.96,-0.18,500,-1.3,1.0,0.01,159,8.0,1.3,0.83,707,-27.5,0.86,-0.24,135,-2.9,0.91,-0.2,1712,75.4,1.19,0.17,121,19.7,1.63,1.44
S9372345,LONG: sma50 + 1.5xATR(14)  |  filter=adx_below(45)  |  exit=stop@POI / target 1.5xATR,sma50|adx_below|poi_anchored_stop|long,5,56.9,True,6,10,3446,132,1.2,0.31,0.43,226,6007.3,2.0,1.25,673,-2.2,1.01,0.07,187,-12.2,0.93,-0.08,406,-1.2,0.98,-0.13,297,113.3,1.29,0.38,163,-0.0,1.02,0.06,426,219.2,1.35,0.46,146,0.5,1.02,0.07,790,40.2,1.09,0.11,132,20.2,1.31,0.94
S8200699,LONG: sma50 + 1.0xATR(30)  |  filter=adx_master_filter  |  exit=ATR stop 2.0x / target 2.0x,sma50|adx_master_filter|atr_stop_target|long,6,56.5,True,7,10,3207,121,1.15,0.26,0.59,256,2364.1,1.56,0.95,598,-8.8,0.98,-0.13,147,-13.8,0.9,-0.13,423,-6.9,0.87,-0.96,259,52.8,1.17,0.26,198,26.1,1.32,1.31,295,111.3,1.28,0.34,121,2.2,1.06,0.21,766,161.9,1.18,0.2,144,10.6,1.15,0.55
S5995243,LONG: prev_low + 1.0xATR(14)  |  filter=adx_master_filter  |  exit=ATR stop 1.0x / target 2.0x,prev_low|adx_master_filter|atr_stop_target|long,6,56.3,True,6,10,5342,217,1.14,0.39,0.69,368,944.7,1.33,0.68,1214,-19.3,0.97,-0.35,217,-33.2,0.72,-0.45,805,-0.8,0.99,-0.09,338,101.0,1.27,0.4,267,17.2,1.2,0.9,570,-20.3,0.99,-0.02,245,6.9,1.11,0.47,1092,813.4,1.3,0.35,226,49.3,1.53,2.03
S4498437,LONG: lowest_low_10 + 2.0xATR(14)  |  filter=close_above_sma100  |  exit=stop@POI / target 1.5xATR,lowest_low_10|close_above_sma100|poi_anchored_stop|long,5,50.1,True,5,10,3908,158,1.09,0.02,0.39,241,1129.5,1.52,0.77,741,-29.6,0.93,-0.56,218,14.2,1.11,0.14,483,-4.5,0.93,-0.5,330,62.6,1.17,0.25,187,-6.3,0.95,-0.17,501,252.7,1.3,0.43,174,-4.0,0.95,-0.18,875,4.7,1.06,0.07,158,-3.3,0.98,-0.08
S4959525,SHORT: donchian_high20 + 2.5xATR(10)  |  filter=adx_below(35)  |  exit=EOD (close at end of session),donchian_high20|adx_below|eod_exit|short,4,49.7,True,5,10,10560,236,1.02,0.02,0.37,894,0.8,1.06,0.16,592,-34.4,0.93,-0.46,1105,2.2,1.03,0.05,459,-4.2,0.94,-0.33,1200,26.8,1.09,0.22,244,11.1,1.26,0.88,1216,-51.9,0.89,-0.25,236,-3.4,0.94,-0.23,4362,-49.3,0.97,-0.06,252,2.9,1.06,0.22
S8962003,LONG: prev_low + 1.0xATR(30)  |  filter=atr_expansion(1.0)  |  exit=EOD (close at end of session),prev_low|atr_expansion|eod_exit|long,4,48.7,True,4,10,5251,199,1.09,0.34,0.71,453,359.9,1.37,0.66,510,103.8,1.25,1.22,329,-14.0,0.63,-0.45,412,-0.3,1.0,-0.01,551,-11.4,0.94,-0.11,226,1.9,1.05,0.18,873,-19.2,0.95,-0.09,221,-2.1,0.98,-0.06,1477,-6.3,1.01,0.01,199,34.8,1.73,2.01
S3799958,SHORT: session_open + 0.5xATR(40)  |  filter=adx_below(35)  |  exit=stop@POI / target 2.0xATR,session_open|adx_below|poi_anchored_stop|short,5,46.9,True,4,10,5686,167,1.01,0.22,0.63,318,17.1,1.1,0.2,1517,-11.7,0.99,-0.14,167,-18.1,0.82,-0.23,918,14.4,1.18,1.64,419,-51.0,0.82,-0.34,213,-5.3,0.93,-0.32,799,-36.0,0.96,-0.07,280,5.0,1.07,0.36,784,-49.7,0.98,-0.03,271,22.0,1.27,1.1
S5883692,SHORT: donchian_high20 + 2.5xATR(10)  |  filter=adx_below(45)  |  exit=EOD (close at end of session),donchian_high20|adx_below|eod_exit|short,4,46.5,True,4,10,10925,239,1.0,-0.01,0.34,949,-64.6,0.97,-0.09,620,-20.3,0.98,-0.14,1157,2.3,1.03,0.05,476,-4.5,0.94,-0.34,1215,20.5,1.07,0.17,262,12.1,1.24,0.82,1230,-56.1,0.88,-0.28,239,-8.2,0.88,-0.4,4515,-48.5,0.97,-0.06,262,2.7,1.05,0.21
S5886438,SHORT: donchian_high20 + 1.0xATR(30)  |  filter=adx_below(35)  |  exit=EOD (close at end of session),donchian_high20|adx_below|eod_exit|short,4,45.7,True,4,10,16333,358,0.98,-0.09,0.4,1416,-88.0,0.92,-0.32,690,-53.1,0.89,-0.8,2058,-8.4,0.95,-0.09,509,-8.4,0.9,-0.62,2004,10.6,1.03,0.1,358,3.7,1.06,0.29,2504,-34.4,0.97,-0.09,377,0.6,1.02,0.08,6018,-75.1,0.95,-0.13,399,12.8,1.12,0.63
S5062761,SHORT: donchian_high20 + 3.0xATR(20)  |  filter=adx_below(40)  |  exit=EOD (close at end of session),donchian_high20|adx_below|eod_exit|short,4,45.2,True,4,10,8990,195,0.97,-0.14,0.43,726,-93.2,0.78,-0.62,524,-13.7,0.99,-0.07,842,12.4,1.17,0.2,444,-11.3,0.83,-0.99,995,-32.6,0.88,-0.27,220,5.5,1.13,0.43,955,-71.7,0.78,-0.47,195,-1.8,0.97,-0.1,3873,0.9,1.03,0.05,216,5.6,1.11,0.41
S2507833,SHORT: donchian_high20 + 0.5xATR(10)  |  filter=adx_master_filter  |  exit=EOD (close at end of session),donchian_high20|adx_master_filter|eod_exit|short,4,42.6,True,3,10,12242,343,0.95,-0.23,0.37,1432,-96.5,0.87,-0.54,638,-49.7,0.9,-0.67,1423,9.3,1.1,0.16,454,-8.4,0.88,-0.69,1172,-36.3,0.89,-0.27,402,6.0,1.08,0.37,1823,-44.4,0.94,-0.15,343,-11.9,0.86,-0.56,4166,-67.4,0.93,-0.14,389,3.6,1.04,0.23
S3346899,SHORT: highest_high_10 + 2.0xATR(20)  |  filter=shallow_pullback_short(1.0)  |  exit=EOD (close at end of session),highest_high_10|shallow_pullback_short|eod_exit|short,4,42.4,True,3,10,7059,195,0.98,-0.06,0.42,461,-45.8,0.97,-0.06,565,-33.0,0.93,-0.4,781,-9.8,0.86,-0.19,458,-7.5,0.88,-0.65,714,19.8,1.11,0.2,202,6.8,1.18,0.55,814,-46.3,0.86,-0.25,195,-7.0,0.85,-0.41,2635,-54.3,0.91,-0.14,234,10.1,1.21,0.76
S2232392,SHORT: sma20 + 0.75xATR(40)  |  filter=shallow_pullback_short(1.0)  |  exit=time(3 bars),sma20|shallow_pullback_short|time_exit|short,5,39.5,True,2,10,5209,192,0.88,-0.31,0.28,244,-94.5,0.71,-0.52,1038,-24.2,0.94,-0.44,431,19.1,1.13,0.19,862,-3.6,0.94,-0.45,342,-55.4,0.76,-0.4,197,-9.5,0.85,-0.56,425,-80.4,0.71,-0.44,192,2.6,1.06,0.23,1238,-94.1,0.86,-0.16,240,-10.1,0.87,-0.58
S7264131,SHORT: sma20 + 1.0xATR(20)  |  filter=close_below_sma100  |  exit=time(3 bars),sma20|close_below_sma100|time_exit|short,5,39.3,True,2,10,4508,170,0.98,-0.19,0.43,200,-58.1,0.95,-0.07,992,-42.4,0.87,-1.03,338,36.2,1.28,0.31,784,-6.9,0.87,-0.95,255,-30.3,0.86,-0.16,170,4.4,1.09,0.29,335,-56.3,0.85,-0.18,171,-3.4,0.95,-0.18,1065,-17.4,1.05,0.06,198,-0.2,1.01,0.03
S5875080,SHORT: donchian_high20 + 0.5xATR(40)  |  filter=shallow_pullback_short(1.5)  |  exit=stop@POI / target 1.5xATR,donchian_high20|shallow_pullback_short|poi_anchored_stop|short,5,37.0,True,2,10,5224,208,0.86,-0.46,0.52,255,-99.3,0.77,-0.45,1161,-7.5,1.0,0.05,357,3.5,1.03,0.06,777,0.8,1.01,0.11,338,-81.9,0.73,-0.5,208,-37.6,0.67,-1.58,595,-84.4,0.83,-0.3,226,-18.2,0.81,-0.82,1092,-93.2,0.92,-0.11,215,-28.1,0.79,-1.02
S6903047,SHORT: prev_low + 0.5xATR(14)  |  filter=adx_below(45)  |  exit=EOD (close at end of session),prev_low|adx_below|eod_exit|short,4,36.7,True,2,10,6071,185,0.99,-0.01,0.73,282,-47.4,0.91,-0.16,616,-63.1,0.81,-1.27,185,-3.1,0.91,-0.09,448,-2.1,0.97,-0.17,580,-10.6,0.95,-0.1,205,3.4,1.09,0.3,703,-36.3,0.86,-0.23,207,-0.0,1.01,0.03,2628,-74.2,0.76,-0.31,217,32.3,1.61,1.87
S8791698,LONG: sma50 + 1.5xATR(20)  |  filter=time_window_open  |  exit=time(15 bars),sma50|time_window_open|time_exit|long,5,28.9,False,9,10,2070,79,1.64,0.61,0.39,131,108369.8,3.31,1.36,311,26.0,1.15,0.64,150,-4.5,1.0,-0.0,208,6.2,1.24,0.78,183,405.9,1.81,0.67,99,29.5,1.48,1.05,320,296.1,1.52,0.48,94,14.5,1.47,1.04,495,1159.1,1.43,0.34,79,19.8,1.54,1.02
S0705773,LONG: session_open + 1.0xATR(30)  |  exit=time(20 bars),session_open|none|time_exit|long,4,27.5,False,9,10,1656,46,1.53,0.64,0.56,119,9573.1,2.29,0.9,448,167.1,1.35,1.61,46,-7.2,0.88,-0.07,345,0.8,1.02,0.1,94,184.8,2.1,0.6,64,35.0,1.65,1.03,181,243.4,1.62,0.39,72,2.1,1.08,0.17,201,231.2,1.36,0.2,86,67.5,2.17,2.06
S6250179,LONG: sma50 + 1.5xATR(20)  |  filter=adx_master_filter  |  exit=ATR stop 1.0x / target 4.0x,sma50|adx_master_filter|atr_stop_target|long,6,27.0,False,9,10,2775,99,1.37,0.69,0.86,219,1424.7,1.6,0.77,532,9.2,1.05,0.33,136,-13.4,0.86,-0.15,370,1.0,1.03,0.16,219,56.3,1.24,0.27,170,73.5,2.17,2.8,248,38.6,1.19,0.18,99,14.3,1.55,1.14,666,787.3,1.5,0.39,116,32.4,1.64,1.42
S5006527,LONG: lowest_low_10 + 3.0xATR(40)  |  filter=shallow_pullback_long(1.5)  |  exit=stop@POI / target 4.0xATR,lowest_low_10|shallow_pullback_long|poi_anchored_stop|long,5,26.3,False,9,10,2306,85,1.3,0.43,0.43,136,5911.4,2.03,1.07,438,1.1,1.03,0.17,109,1.7,1.05,0.04,297,-0.4,1.0,-0.01,186,208.7,1.42,0.46,121,36.1,1.41,1.2,240,223.6,1.37,0.35,96,13.3,1.25,0.64,598,50.4,1.13,0.12,85,22.2,1.34,0.81
S3577087,LONG: sma20 + 2.0xATR(40)  |  filter=adx_master_filter  |  exit=time(10 bars),sma20|adx_master_filter|time_exit|long,5,26.3,False,8,10,1765,83,1.49,0.48,0.3,117,4224.5,2.45,0.95,320,28.2,1.17,0.7,85,-20.3,0.69,-0.27,239,0.4,1.02,0.08,128,11.9,1.12,0.1,117,18.8,1.3,0.63,169,127.6,1.91,0.56,86,-4.9,0.85,-0.36,421,449.3,1.45,0.32,83,14.5,1.4,0.79
S3538946,LONG: sma20 + 0.5xATR(14)  |  filter=atr_contraction(0.8)  |  exit=stop@POI / target 3.0xATR,sma20|atr_contraction|poi_anchored_stop|long,5,26.3,False,9,10,887,25,1.43,0.52,0.36,75,253.1,2.01,0.71,240,20.5,1.27,1.02,25,3.8,1.28,0.1,104,0.7,1.08,0.25,39,14.2,1.37,0.18,39,5.2,1.35,0.56,94,69.1,1.66,0.37,60,-2.9,0.89,-0.27,180,133.1,1.95,0.28,31,2.8,1.21,0.33
S4342107,LONG: prev_high + 2.5xATR(20)  |  filter=shallow_pullback_long(0.5)  |  exit=time(10 bars),prev_high|shallow_pullback_long|time_exit|long,5,26.0,False,7,10,197,0,1.96,0.29,0.0,20,132.3,2.57,0.48,29,3.4,1.27,0.34,0,0.0,,,11,-0.8,0.52,-0.57,3,0.6,2.73,0.19,22,0.7,1.09,0.11,0,0.0,,,4,1.2,2.5,0.63,101,93.4,1.96,0.29,7,2.1,1.99,0.47
S8907905,LONG: lowest_low_10 + 1.0xATR(10)  |  filter=volume_spike(2.0)  |  exit=time(5 bars),lowest_low_10|volume_spike|time_exit|long,5,25.7,False,7,10,1366,0,1.21,0.89,0.24,53,279.8,2.33,0.68,912,71.7,1.17,1.13,0,0.0,,,0,0.0,,,91,60.8,1.69,0.4,170,9.3,1.25,0.65,81,43.6,1.87,0.37,55,9.5,1.84,0.9,4,1.1,1.26,0.02,0,0.0,,
S0552401,LONG: lowest_low_10 + 3.0xATR(40)  |  filter=adx_below(30)  |  exit=ATR stop 2.5x / target 4.0x,lowest_low_10|adx_below|atr_stop_target|long,6,25.6,False,8,10,2370,80,1.34,0.48,0.45,108,2666.4,2.02,0.94,429,-8.3,0.99,-0.05,108,-1.6,1.02,0.01,316,0.7,1.02,0.1,195,485.3,1.74,0.74,101,28.8,1.48,1.3,264,182.5,1.31,0.33,112,14.0,1.26,0.76,657,205.8,1.19,0.19,80,22.6,1.39,0.92
S2175057,LONG: sma50 + 1.5xATR(40)  |  filter=adx_below(40)  |  exit=stop@POI / target 4.0xATR,sma50|adx_below|poi_anchored_stop|long,5,25.5,False,8,10,2057,80,1.43,0.54,0.6,124,9281.0,2.39,1.26,410,-24.2,0.93,-0.42,118,-13.0,0.91,-0.09,262,7.2,1.18,0.83,160,209.0,1.54,0.51,101,40.7,1.59,1.48,234,252.3,1.51,0.46,92,4.8,1.13,0.35,476,725.6,1.39,0.31,80,28.8,1.53,1.11
S6983172,LONG: sma20 + 1.0xATR(40)  |  filter=adx_master_filter  |  exit=time(15 bars),sma20|adx_master_filter|time_exit|long,5,24.9,False,8,10,2029,99,1.36,0.46,0.55,123,7890.6,2.26,0.96,422,42.9,1.16,0.78,129,-40.9,0.64,-0.41,282,-2.7,0.94,-0.27,128,53.4,1.28,0.24,116,35.5,1.48,0.99,226,147.7,1.44,0.36,99,18.8,1.49,0.98,404,443.7,1.38,0.26,100,32.9,1.66,1.27
S4294939,LONG: lowest_low_10 + 2.5xATR(30)  |  filter=volume_spike(1.5)  |  exit=time(20 bars),lowest_low_10|volume_spike|time_exit|long,5,24.1,False,6,10,771,0,1.18,0.8,0.0,63,3831.4,2.88,0.85,370,47.9,1.18,0.8,0,0.0,,,0,0.0,,,97,184.9,1.83,0.52,85,37.3,1.61,1.2,78,-8.4,0.97,-0.01,76,18.7,1.56,1.08,2,13.3,999.0,0.81,0,0.0,,
S7731924,LONG: prev_low + 2.0xATR(20)  |  filter=volume_spike(2.0)  |  exit=time(20 bars),prev_low|volume_spike|time_exit|long,5,24.0,False,6,10,412,0,1.22,0.8,0.0,30,974.5,4.08,0.74,254,39.0,1.22,0.8,0,0.0,,,0,0.0,,,33,110.9,4.16,0.73,57,33.8,1.91,1.36,17,-11.8,0.71,-0.08,20,7.9,1.91,0.88,1,5.1,999.0,,0,0.0,,
S7886311,LONG: donchian_high20 + 1.5xATR(40)  |  filter=close_above_sma100  |  exit=ATR stop 1.0x / target 1.5x,donchian_high20|close_above_sma100|atr_stop_target|long,6,23.8,False,8,10,582,5,1.26,0.4,0.21,46,98.4,2.55,0.86,106,6.1,1.2,0.61,5,4.3,2.93,0.22,59,-0.7,0.84,-0.43,23,-3.8,0.78,-0.13,60,11.4,1.97,1.78,6,2.9,3.34,0.26,19,1.0,1.22,0.28,236,22.9,1.32,0.18,22,3.4,1.56,0.7
S7980493,LONG: session_open + 1.0xATR(30)  |  filter=adx_below(40)  |  exit=stop@POI / target 4.0xATR,session_open|adx_below|poi_anchored_stop|long,5,23.8,False,7,10,2183,63,1.39,0.61,0.82,167,2375.3,1.75,0.87,622,44.8,1.13,0.86,63,-22.2,0.61,-0.36,422,-5.1,0.92,-0.56,122,61.1,1.41,0.32,76,36.3,2.04,1.88,231,13.5,1.09,0.09,104,14.2,1.36,0.88,272,-4.2,1.08,0.05,104,67.7,2.37,2.38
S7900975,LONG: hod_running + 1.0xATR(20)  |  filter=time_window_mid  |  exit=EOD (close at end of session),hod_running|time_window_mid|eod_exit|long,4,23.7,False,5,10,196,0,1.39,0.86,0.0,0,0.0,,,101,24.7,1.39,0.86,0,0.0,,,86,1.1,1.11,0.25,0,0.0,,,2,1.5,999.0,1.2,0,0.0,,,2,4.1,999.0,1.32,0,0.0,,,5,3.3,999.0,2.68
S2476621,LONG: lod_running + 1.0xATR(40)  |  filter=adx_master_filter  |  exit=EOD (close at end of session),lod_running|adx_master_filter|eod_exit|long,4,23.4,False,5,10,1823,0,1.45,1.27,1.22,0,0.0,,,603,48.5,1.13,0.73,0,0.0,,,420,6.6,1.13,0.61,0,0.0,,,300,7.9,1.19,0.64,0,0.0,,,273,7.6,1.19,0.66,0,0.0,,,227,57.5,2.6,3.71
S9427497,LONG: prev_low + 1.5xATR(30)  |  filter=adx_master_filter  |  exit=stop@POI / target 3.0xATR,prev_low|adx_master_filter|poi_anchored_stop|long,5,23.3,False,8,10,2581,74,1.21,0.26,0.64,178,5786.9,1.86,1.08,592,-28.8,0.94,-0.49,74,5.0,1.1,0.08,354,-8.3,0.85,-0.96,161,75.9,1.31,0.32,136,7.2,1.1,0.35,262,8.4,1.07,0.08,118,17.8,1.33,0.95,599,69.3,1.14,0.13,107,19.3,1.31,0.89
S1815208,LONG: lod_running + 1.5xATR(20)  |  filter=adx_master_filter  |  exit=EOD (close at end of session),lod_running|adx_master_filter|eod_exit|long,4,22.9,False,5,10,1519,0,1.49,1.09,1.07,0,0.0,,,568,8.6,1.05,0.29,0,0.0,,,399,0.9,1.02,0.12,0,0.0,,,196,10.4,1.44,1.15,0,0.0,,,193,7.0,1.29,0.79,0,0.0,,,163,41.6,2.64,3.09
S6102784,LONG: donchian_high20 + 1.5xATR(20)  |  filter=adx_below(30)  |  exit=ATR stop 1.0x / target 1.5x,donchian_high20|adx_below|atr_stop_target|long,6,22.7,False,8,10,492,5,1.2,0.11,0.0,29,66.8,2.93,0.75,85,4.1,1.16,0.45,5,3.1,2.03,0.14,50,-0.2,0.95,-0.12,28,-1.3,0.94,-0.03,39,13.4,3.31,2.55,5,1.8,2.5,0.17,16,1.9,1.53,0.55,214,12.6,1.2,0.11,21,5.9,2.08,1.12
S4057771,LONG: donchian_high20 + 1.0xATR(20)  |  filter=adx_master_filter  |  exit=stop@POI / target 3.0xATR,donchian_high20|adx_master_filter|poi_anchored_stop|long,5,22.0,False,8,10,652,8,1.09,0.07,0.02,61,377.1,2.34,0.85,113,0.0,1.02,0.05,8,-2.3,0.61,-0.14,73,-0.9,0.92,-0.22,40,17.8,1.42,0.22,58,3.7,1.14,0.32,29,0.3,1.03,0.01,22,1.7,1.22,0.29,226,22.8,1.16,0.1,22,7.2,1.64,0.75
S8203135,LONG: lowest_low_10 + 2.0xATR(30)  |  filter=atr_expansion(1.1)  |  exit=EOD (close at end of session),lowest_low_10|atr_expansion|eod_exit|long,4,21.5,False,6,10,4039,95,1.06,0.09,0.41,472,183.5,1.24,0.47,405,33.5,1.13,0.62,231,2.1,1.14,0.09,261,-1.7,0.95,-0.19,402,-30.2,0.78,-0.37,125,6.6,1.28,0.63,630,-15.4,0.94,-0.09,127,-7.6,0.78,-0.58,1291,120.3,1.34,0.23,95,11.8,1.5,1.07
S7434042,LONG: lod_running + 0.75xATR(40)  |  filter=close_above_sma100  |  exit=EOD (close at end of session),lod_running|close_above_sma100|eod_exit|long,4,21.5,False,4,10,1670,0,1.59,1.33,1.9,0,0.0,,,509,55.4,1.18,0.9,0,0.0,,,352,7.0,1.15,0.66,0,0.0,,,289,5.5,1.15,0.53,0,0.0,,,294,-4.1,0.9,-0.44,0,0.0,,,226,73.1,3.55,5.01
S8296899,LONG: prev_low + 2.0xATR(14)  |  filter=adx_master_filter  |  exit=stop@POI / target 5.0xATR,prev_low|adx_master_filter|poi_anchored_stop|long,5,21.5,False,8,10,1271,26,1.08,0.02,0.26,90,7662.0,2.67,1.19,286,-22.6,0.92,-0.42,26,-18.0,0.4,-0.42,186,1.9,1.07,0.26,62,96.8,1.86,0.44,79,20.6,1.34,0.81,118,26.2,1.17,0.12,60,3.6,1.12,0.25,313,66.6,1.18,0.13,51,14.3,1.42,0.7
S9976095,LONG: lod_running + 1.0xATR(20)  |  filter=atr_expansion(1.1)  |  exit=ATR stop 2.5x / target 1.5x,lod_running|atr_expansion|atr_stop_target|long,6,21.1,False,5,10,1652,0,1.15,0.5,0.27,0,0.0,,,840,3.1,1.02,0.19,0,0.0,,,498,2.4,1.04,0.31,0,0.0,,,106,14.8,1.33,0.89,0,0.0,,,117,9.5,1.2,0.6,0,0.0,,,91,22.9,1.49,1.22
S8322217,LONG: prev_close + 2.0xATR(30)  |  filter=shallow_pullback_long(1.0)  |  exit=stop@POI / target 2.0xATR,prev_close|shallow_pullback_long|poi_anchored_stop|long,5,21.0,False,7,10,542,4,1.11,0.36,0.38,38,73.1,1.73,0.45,103,14.1,1.26,0.74,4,5.2,5.17,0.23,52,-1.0,0.87,-0.34,23,32.6,3.26,0.58,48,0.9,1.05,0.11,4,5.1,4.83,0.22,19,-1.4,0.88,-0.19,228,-11.1,0.96,-0.03,23,9.2,1.95,1.07
S0117617,LONG: prev_low + 1.0xATR(10)  |  filter=atr_expansion(1.3)  |  exit=EOD (close at end of session),prev_low|atr_expansion|eod_exit|long,4,20.9,False,6,10,1057,20,1.35,0.42,0.64,172,58.5,1.28,0.32,187,75.8,1.58,1.47,29,-1.8,0.72,-0.1,88,2.0,1.23,0.48,91,-7.0,0.86,-0.11,43,6.1,1.78,0.96,129,-19.4,0.69,-0.27,49,-5.7,0.74,-0.46,249,37.5,1.83,0.16,20,5.1,2.02,0.88
S3314946,LONG: donchian_high20 + 2.0xATR(14)  |  filter=close_above_sma100  |  exit=ATR stop 3.0x / target 1.5x,donchian_high20|close_above_sma100|atr_stop_target|long,6,20.8,False,6,10,305,0,1.32,0.14,0.0,28,76.7,2.63,0.66,49,1.4,1.07,0.13,3,4.2,3.25,0.2,19,-1.2,0.64,-0.64,4,-0.4,0.96,-0.01,37,6.7,1.51,0.82,0,0.0,,,11,2.7,1.79,0.64,145,19.4,1.32,0.14,9,-1.2,0.82,-0.18
S7915254,SHORT: sma50 + 0.75xATR(14)  |  filter=atr_contraction(0.8)  |  exit=EOD (close at end of session),sma50|atr_contraction|eod_exit|short,4,20.5,False,6,10,1307,9,1.15,0.46,0.61,259,-10.8,1.01,0.01,145,13.9,1.22,0.54,64,-1.9,0.63,-0.13,107,8.0,1.71,1.42,82,-2.6,0.87,-0.1,36,4.7,1.94,0.93,17,4.9,1.56,0.11,9,0.5,1.32,0.24,551,-23.6,0.68,-0.14,37,0.9,1.12,0.18
S1620796,LONG: lowest_low_10 + 2.5xATR(14)  |  filter=volume_spike(1.2)  |  exit=time(3 bars),lowest_low_10|volume_spike|time_exit|long,5,20.4,False,5,10,1970,0,1.2,0.43,0.52,208,1203.7,1.76,0.84,773,16.1,1.07,0.47,0,0.0,,,0,0.0,,,286,30.2,1.16,0.2,226,16.2,1.4,1.31,263,-28.1,0.84,-0.17,211,-1.1,0.98,-0.07,3,2.4,999.0,0.19,0,0.0,,
S3580181,LONG: lod_running + 0.5xATR(10)  |  filter=close_above_sma100  |  exit=EOD (close at end of session),lod_running|close_above_sma100|eod_exit|long,4,20.4,False,4,10,1779,0,1.42,1.18,1.55,0,0.0,,,519,31.8,1.11,0.61,0,0.0,,,356,6.5,1.14,0.6,0,0.0,,,314,5.7,1.13,0.52,0,0.0,,,332,-0.9,0.99,-0.07,0,0.0,,,258,70.4,2.75,4.25
S7017920,LONG: prev_low + 3.0xATR(14)  |  filter=adx_master_filter  |  exit=ATR stop 1.5x / target 1.5x,prev_low|adx_master_filter|atr_stop_target|long,6,20.2,False,7,10,453,7,1.03,0.1,0.09,47,82.9,1.92,0.61,107,2.4,1.06,0.19,7,1.2,1.24,0.05,71,-1.1,0.86,-0.43,10,8.9,2.43,0.28,55,3.2,1.17,0.39,7,5.2,1.78,0.12,18,-3.2,0.67,-0.49,111,-3.7,1.01,0.0,20,5.9,2.03,1.12
S5153364,LONG: lod_running + 0.5xATR(40)  |  filter=close_above_sma100  |  exit=EOD (close at end of session),lod_running|close_above_sma100|eod_exit|long,4,20.2,False,4,10,1768,0,1.4,1.14,1.5,0,0.0,,,519,26.7,1.1,0.54,0,0.0,,,356,6.4,1.14,0.6,0,0.0,,,312,5.1,1.12,0.47,0,0.0,,,323,-0.5,0.99,-0.03,0,0.0,,,258,67.3,2.63,4.11
S8360256,LONG: prev_low + 3.0xATR(30)  |  filter=close_above_sma100  |  exit=time(5 bars),prev_low|close_above_sma100|time_exit|long,5,20.0,False,7,10,567,6,1.01,0.09,0.13,45,1023.2,5.62,0.96,146,4.1,1.08,0.22,6,12.1,41.43,0.32,99,-0.6,0.95,-0.14,25,16.8,1.71,0.22,59,3.9,1.32,0.43,11,2.0,1.3,0.05,22,-4.3,0.45,-0.76,128,-10.8,0.93,-0.03,26,1.5,1.2,0.27
S9359781,SHORT: donchian_high20 + 2.5xATR(20)  |  filter=atr_contraction(0.8)  |  exit=EOD (close at end of session),donchian_high20|atr_contraction|eod_exit|short,4,19.9,False,6,10,1492,26,1.14,0.16,0.36,245,-4.3,1.02,0.03,168,-8.9,0.91,-0.25,58,-6.2,0.28,-0.4,136,4.5,1.27,0.73,75,5.3,1.36,0.2,48,2.9,1.41,0.52,34,-2.2,0.9,-0.04,26,1.0,1.43,0.47,660,16.3,1.35,0.11,42,0.7,1.07,0.12
S5393877,LONG: donchian_high20 + 1.0xATR(30)  |  filter=adx_master_filter  |  exit=stop@POI / target 4.0xATR,donchian_high20|adx_master_filter|poi_anchored_stop|long,5,19.9,False,6,10,633,8,1.17,0.09,0.09,60,466.4,2.38,0.83,117,-1.3,1.0,-0.0,8,-4.0,0.36,-0.28,72,-0.1,0.99,-0.02,40,23.5,1.51,0.24,55,9.4,1.33,0.67,25,-0.6,0.99,-0.0,21,3.9,1.49,0.57,214,63.0,1.35,0.18,21,8.1,1.74,0.8
S8441114,SHORT: sma20 + 2.0xATR(14)  |  filter=shallow_pullback_short(1.0)  |  exit=EOD (close at end of session),sma20|shallow_pullback_short|eod_exit|short,4,19.9,False,5,10,3671,97,1.04,0.0,0.27,182,45.7,1.24,0.25,326,-24.3,0.91,-0.38,288,1.6,1.08,0.06,259,-3.1,0.9,-0.41,325,24.0,1.31,0.33,113,3.0,1.13,0.29,338,-33.5,0.83,-0.2,97,-0.5,0.99,-0.03,1636,-28.8,0.93,-0.08,107,1.3,1.06,0.16
S0820061,LONG: prev_close + 2.5xATR(10)  |  filter=adx_trend(15)  |  exit=time(15 bars),prev_close|adx_trend|time_exit|long,5,19.9,False,7,10,353,0,1.02,0.01,0.0,18,244.0,7.05,0.8,56,19.9,1.59,0.87,5,4.7,1.88,0.1,35,-2.6,0.52,-1.04,4,8.6,18.67,0.41,59,22.1,1.69,1.05,0,0.0,,,17,7.6,3.6,1.6,146,-4.7,1.02,0.01,13,9.4,3.23,1.27
S5900962,LONG: highest_high_10 + 1.5xATR(14)  |  filter=adx_below(40)  |  exit=stop@POI / target 1.5xATR,highest_high_10|adx_below|poi_anchored_stop|long,5,19.9,False,6,10,694,4,1.09,0.28,0.27,42,183.4,3.49,1.1,114,8.7,1.18,0.55,4,-2.1,0.49,-0.13,67,-1.3,0.85,-0.44,31,9.0,1.36,0.16,59,5.0,1.23,0.49,9,-0.2,0.97,-0.01,25,1.1,1.13,0.2,318,-2.3,1.01,0.01,25,5.0,1.47,0.63
S9838322,LONG: lod_running + 3.0xATR(14)  |  filter=atr_expansion(1.3)  |  exit=ATR stop 1.5x / target 5.0x,lod_running|atr_expansion|atr_stop_target|long,6,19.8,False,2,10,219,0,1.29,0.88,0.0,0,0.0,,,138,31.6,1.29,0.88,0,0.0,,,70,2.2,1.21,0.48,0,0.0,,,4,-2.6,0.39,-0.63,0,0.0,,,6,-7.1,0.0,-2.27,0,0.0,,,1,-1.5,0.0,
S4950177,LONG: sma50 + 2.0xATR(40)  |  filter=volume_spike(2.0)  |  exit=stop@POI / target 2.0xATR,sma50|volume_spike|poi_anchored_stop|long,5,19.5,False,6,10,600,0,1.02,0.12,0.0,47,139.0,1.99,0.53,353,0.9,1.02,0.12,0,0.0,,,0,0.0,,,66,48.8,1.58,0.31,73,4.0,1.12,0.28,35,19.4,1.69,0.24,24,5.3,1.86,0.98,2,-0.5,0.9,-0.01,0,0.0,,
S6783127,LONG: prev_low + 2.5xATR(30)  |  filter=adx_master_filter  |  exit=ATR stop 3.0x / target 5.0x,prev_low|adx_master_filter|atr_stop_target|long,6,19.4,False,7,10,867,13,1.1,0.04,0.44,72,2163.2,2.45,1.0,201,-22.0,0.89,-0.53,13,-12.0,0.37,-0.28,125,3.5,1.18,0.56,36,51.8,1.78,0.34,68,27.9,1.55,1.17,52,35.6,1.35,0.16,46,-5.5,0.84,-0.36,218,44.2,1.23,0.1,36,8.5,1.34,0.53
S4223724,LONG: donchian_high20 + 1.0xATR(40)  |  exit=stop@POI / target 1.5xATR,donchian_high20|none|poi_anchored_stop|long,4,19.3,False,7,10,976,13,0.97,-0.04,0.26,83,246.7,2.1,0.94,180,-7.1,0.92,-0.34,13,-2.0,0.77,-0.09,106,0.9,1.09,0.3,70,38.8,1.76,0.48,72,7.8,1.34,0.76,42,8.1,1.31,0.14,29,3.3,1.45,0.63,345,-22.4,0.9,-0.08,36,3.0,1.23,0.4
S7026542,SHORT: donchian_high20 + 2.5xATR(10)  |  filter=atr_contraction(0.8)  |  exit=EOD (close at end of session),donchian_high20|atr_contraction|eod_exit|short,4,19.3,False,6,10,1682,33,1.17,0.22,0.7,290,-3.1,1.03,0.05,216,-19.8,0.83,-0.61,67,-3.6,0.53,-0.24,153,9.2,1.52,1.33,80,8.3,1.55,0.29,53,2.5,1.32,0.44,44,-1.3,0.95,-0.02,33,2.2,1.61,0.66,701,15.5,1.28,0.1,45,0.4,1.05,0.08
S9761304,LONG: prev_high + 1.0xATR(10)  |  filter=time_window_mid  |  exit=stop@POI / target 5.0xATR,prev_high|time_window_mid|poi_anchored_stop|long,5,18.9,False,4,10,337,0,1.12,0.4,0.0,0,0.0,,,181,9.8,1.11,0.41,0,0.0,,,145,2.5,1.12,0.4,0,0.0,,,6,4.5,2.98,0.74,0,0.0,,,2,4.4,999.0,5.18,0,0.0,,,3,-0.8,0.0,-2.01
S5725929,LONG: prev_low + 0.5xATR(10)  |  filter=time_window_mid  |  exit=EOD (close at end of session),prev_low|time_window_mid|eod_exit|long,4,18.9,False,4,10,2170,0,1.23,0.75,1.16,0,0.0,,,716,16.3,1.06,0.39,0,0.0,,,517,-1.8,0.98,-0.13,0,0.0,,,295,1.7,1.06,0.21,0,0.0,,,328,2.1,1.06,0.24,0,0.0,,,314,38.1,1.98,3.05
S7436532,SHORT: prev_close + 2.0xATR(14)  |  filter=adx_master_filter  |  exit=stop@POI / target 4.0xATR,prev_close|adx_master_filter|poi_anchored_stop|short,5,18.8,False,4,10,590,8,1.3,0.21,0.04,28,-49.3,0.76,-0.19,112,2.8,1.05,0.17,8,8.9,2.63,0.21,53,-0.3,0.97,-0.06,31,-21.4,0.65,-0.22,53,-4.1,0.93,-0.15,35,6.9,1.18,0.06,30,-5.3,0.76,-0.47,210,131.9,1.54,0.25,30,-1.0,0.97,-0.05
S7947193,LONG: lod_running + 1.5xATR(14)  |  filter=close_above_sma100  |  exit=EOD (close at end of session),lod_running|close_above_sma100|eod_exit|long,4,18.6,False,3,10,1345,0,1.43,0.91,1.2,0,0.0,,,488,28.9,1.12,0.6,0,0.0,,,340,-1.0,0.98,-0.07,0,0.0,,,172,10.6,1.58,1.38,0,0.0,,,200,-2.8,0.89,-0.35,0,0.0,,,145,32.8,2.59,2.99
S5546497,LONG: prev_high + 2.0xATR(30)  |  filter=close_above_sma100  |  exit=stop@POI / target 1.5xATR,prev_high|close_above_sma100|poi_anchored_stop|long,5,18.4,False,6,10,625,3,0.92,-0.09,0.01,41,137.0,2.74,0.86,104,-2.0,0.98,-0.08,3,3.6,3.21,0.2,61,-1.9,0.78,-0.62,16,10.6,1.86,0.23,65,12.5,1.55,1.09,4,2.7,2.44,0.16,24,-4.9,0.61,-0.78,283,-22.9,0.86,-0.1,24,4.5,1.46,0.59
S5144374,LONG: prev_high + 1.0xATR(14)  |  filter=time_window_mid  |  exit=stop@POI / target 4.0xATR,prev_high|time_window_mid|poi_anchored_stop|long,5,17.7,False,4,10,357,0,1.12,0.42,0.36,0,0.0,,,185,22.1,1.22,0.78,0,0.0,,,158,0.3,1.02,0.06,0,0.0,,,6,4.0,2.77,0.77,0,0.0,,,5,5.6,8.93,1.43,0,0.0,,,3,-0.8,0.0,-2.01
S4514220,LONG: donchian_high20 + 1.0xATR(40)  |  filter=adx_master_filter  |  exit=stop@POI / target 1.5xATR,donchian_high20|adx_master_filter|poi_anchored_stop|long,5,17.7,False,6,10,749,8,0.87,-0.27,0.15,73,148.7,1.88,0.74,129,-7.2,0.89,-0.42,8,-2.4,0.54,-0.18,83,0.5,1.06,0.17,45,15.5,1.44,0.25,67,2.9,1.13,0.31,28,-0.7,0.98,-0.01,23,0.3,1.05,0.08,266,-23.0,0.85,-0.12,27,6.1,1.72,0.94
S1837288,SHORT: prev_high + 3.0xATR(30)  |  filter=close_below_sma100  |  exit=stop@POI / target 5.0xATR,prev_high|close_below_sma100|poi_anchored_stop|short,5,17.3,False,5,10,417,7,0.98,-0.05,0.0,20,-26.9,0.93,-0.04,141,-5.5,0.98,-0.05,7,18.1,3.2,0.3,67,0.0,1.01,0.02,11,-21.1,0.29,-0.34,30,4.9,1.23,0.32,26,-22.9,0.76,-0.11,23,-9.2,0.61,-0.66,75,79.8,1.64,0.16,17,7.5,1.59,0.58
S4517421,SHORT: prev_close + 0.75xATR(30)  |  filter=time_window_mid  |  exit=stop@POI / target 2.0xATR,prev_close|time_window_mid|poi_anchored_stop|short,5,17.2,False,2,10,1136,0,1.17,1.05,1.04,0,0.0,,,532,-2.5,1.0,0.01,0,0.0,,,452,14.2,1.35,2.08,0,0.0,,,31,-5.4,0.65,-0.66,0,0.0,,,73,-4.4,0.83,-0.48,0,0.0,,,48,11.7,2.24,1.55
S3734756,SHORT: donchian_high20 + 2.0xATR(10)  |  filter=atr_contraction(0.8)  |  exit=EOD (close at end of session),donchian_high20|atr_contraction|eod_exit|short,4,17.1,False,5,10,1933,46,1.13,0.21,0.99,346,24.7,1.12,0.2,242,-32.8,0.74,-1.07,97,-2.7,0.66,-0.16,170,12.4,1.66,1.7,92,7.4,1.39,0.24,62,2.0,1.22,0.34,75,-2.9,0.93,-0.04,46,2.6,1.48,0.64,755,-3.6,0.99,-0.0,48,-2.4,0.85,-0.29
S6988434,LONG: session_open + 2.0xATR(20)  |  exit=EOD (close at end of session),session_open|none|eod_exit|long,3,17.0,False,5,10,410,4,1.13,0.34,0.8,68,15.8,1.24,0.16,160,42.4,1.43,1.14,4,1.9,38.89,0.37,100,-2.3,0.84,-0.46,7,-3.6,0.14,-0.27,8,-2.3,0.35,-0.87,12,-2.1,0.41,-0.2,5,3.7,18.0,0.82,21,-2.2,0.82,-0.04,25,14.9,6.35,2.88
S0495901,SHORT: prev_close + 0.5xATR(20)  |  filter=time_window_mid  |  exit=stop@POI / target 1.5xATR,prev_close|time_window_mid|poi_anchored_stop|short,5,16.8,False,2,10,1758,0,1.25,0.79,1.07,0,0.0,,,805,-2.0,1.0,0.02,0,0.0,,,625,12.0,1.26,1.89,0,0.0,,,88,-7.4,0.74,-0.78,0,0.0,,,136,-4.8,0.86,-0.54,0,0.0,,,104,17.3,1.87,1.8
S6025892,SHORT: sma50 + 0.5xATR(20)  |  filter=atr_contraction(0.8)  |  exit=EOD (close at end of session),sma50|atr_contraction|eod_exit|short,4,16.7,False,4,10,1380,10,1.03,0.22,0.5,280,-20.9,0.97,-0.06,157,-1.9,1.0,0.01,72,-1.9,0.62,-0.14,115,6.8,1.49,1.09,87,4.5,1.26,0.16,39,2.6,1.41,0.51,23,2.3,1.21,0.05,10,-0.0,1.0,0.0,559,-23.9,0.68,-0.15,38,-0.6,0.95,-0.08
S7017642,SHORT: prev_low + 2.5xATR(10)  |  filter=adx_below(45)  |  exit=EOD (close at end of session),prev_low|adx_below|eod_exit|short,4,16.6,False,8,10,339,6,0.0,0.12,0.0,12,11.1,1.58,0.17,37,2.0,1.12,0.17,6,0.3,1.13,0.03,29,-2.2,0.66,-0.58,6,6.3,21.26,0.42,39,0.4,1.05,0.08,8,-11.3,0.26,-0.21,16,6.9,2.79,1.16,172,0.8,999.0,0.12,14,2.4,1.54,0.43
S5406352,LONG: highest_high_10 + 2.5xATR(10)  |  exit=EOD (close at end of session),highest_high_10|none|eod_exit|long,3,16.6,False,8,10,223,0,0.0,0.15,0.0,15,21.5,2.11,0.23,26,9.1,1.63,0.71,3,-0.4,0.19,-0.3,11,1.5,2.67,0.84,1,0.1,999.0,,32,1.9,1.37,0.5,0,0.0,,,4,0.9,999.0,2.81,126,1.9,999.0,0.15,5,5.0,14.79,2.01
S1021285,SHORT: hod_running + 0.5xATR(10)  |  filter=adx_trend(25)  |  exit=ATR stop 1.0x / target 1.5x,hod_running|adx_trend|atr_stop_target|short,6,16.4,False,3,10,3233,0,1.0,0.02,0.44,0,0.0,,,1445,3.3,1.02,0.19,0,0.0,,,933,0.7,1.01,0.12,0,0.0,,,336,-10.0,0.92,-0.47,0,0.0,,,255,-6.8,0.91,-0.44,0,0.0,,,264,12.9,1.14,0.71
S1303280,LONG: lod_running + 2.0xATR(10)  |  filter=atr_expansion(1.0)  |  exit=ATR stop 2.0x / target 5.0x,lod_running|atr_expansion|atr_stop_target|long,6,16.4,False,4,10,951,0,1.02,0.12,0.28,0,0.0,,,474,15.8,1.06,0.39,0,0.0,,,329,-1.8,0.97,-0.16,0,0.0,,,45,26.9,1.89,1.35,0,0.0,,,56,3.8,1.14,0.28,0,0.0,,,47,18.3,1.63,0.9
S6181668,LONG: hod_running + 0.75xATR(20)  |  filter=shallow_pullback_long(0.5)  |  exit=EOD (close at end of session),hod_running|shallow_pullback_long|eod_exit|long,4,16.0,False,4,10,357,0,1.02,0.05,0.16,0,0.0,,,188,-6.1,0.97,-0.11,0,0.0,,,124,1.3,1.08,0.21,0,0.0,,,14,3.2,3.44,0.93,0,0.0,,,8,0.4,1.39,0.23,0,0.0,,,23,12.1,9.64,2.81
S4684829,LONG: donchian_high20 + 2.5xATR(40)  |  filter=adx_below(40)  |  exit=ATR stop 1.0x / target 4.0x,donchian_high20|adx_below|atr_stop_target|long,6,15.8,False,8,10,217,0,0.0,0.0,0.0,15,36.9,2.49,0.41,40,14.4,2.02,1.21,3,13.6,17.13,0.38,17,0.6,1.4,0.36,3,-3.3,0.0,-1.56,29,4.5,1.52,0.62,0,0.0,,,3,1.6,3.48,0.54,99,53.6,2.68,0.38,8,3.8,2.35,0.69
S2866219,SHORT: prev_high + 1.5xATR(10)  |  filter=adx_master_filter  |  exit=EOD (close at end of session),prev_high|adx_master_filter|eod_exit|short,4,15.7,False,4,10,2778,84,1.02,0.01,0.84,207,-34.2,0.94,-0.09,431,-29.6,0.91,-0.47,84,0.6,1.05,0.03,314,-1.8,0.96,-0.2,183,14.7,1.26,0.22,157,7.3,1.24,0.6,312,-28.6,0.83,-0.18,132,-13.2,0.61,-1.39,814,-64.5,0.6,-0.3,144,23.2,1.87,1.9
S9692781,SHORT: prev_close + 1.5xATR(40)  |  filter=time_window_mid  |  exit=stop@POI / target 4.0xATR,prev_close|time_window_mid|poi_anchored_stop|short,5,15.7,False,2,10,337,0,1.13,0.47,0.33,0,0.0,,,186,27.3,1.21,0.8,0,0.0,,,131,0.7,1.04,0.14,0,0.0,,,5,-2.8,0.59,-0.38,0,0.0,,,15,-1.7,0.82,-0.24,0,0.0,,,0,0.0,,
S4982439,LONG: donchian_high20 + 3.0xATR(10)  |  filter=adx_below(45)  |  exit=ATR stop 2.0x / target 4.0x,donchian_high20|adx_below|atr_stop_target|long,6,15.7,False,8,10,69,0,0.0,0.0,0.0,6,37.8,5.19,0.57,8,4.3,1.75,0.51,2,18.9,999.0,0.67,8,0.0,1.0,0.0,0,0.0,,,5,3.4,2.12,0.57,0,0.0,,,1,1.2,999.0,,36,30.5,3.28,0.36,3,3.8,3.83,0.8
S0218782,LONG: highest_high_10 + 3.0xATR(14)  |  filter=close_above_sma100  |  exit=time(5 bars),highest_high_10|close_above_sma100|time_exit|long,5,15.7,False,8,10,117,0,0.0,0.0,0.0,9,-0.6,1.13,0.04,18,7.4,3.08,1.2,2,8.6,30.46,0.28,8,0.3,1.4,0.24,1,0.3,999.0,,14,0.9,1.34,0.33,0,0.0,,,2,0.6,999.0,5.43,60,18.2,1.56,0.13,3,2.1,7.02,0.99
S1062520,SHORT: prev_close + 1.5xATR(20)  |  filter=adx_master_filter  |  exit=stop@POI / target 1.5xATR,prev_close|adx_master_filter|poi_anchored_stop|short,5,15.6,False,4,10,1354,31,0.87,-0.19,0.25,74,-66.4,0.74,-0.33,272,1.5,1.02,0.12,31,13.7,1.89,0.33,144,-2.0,0.88,-0.48,84,32.7,1.38,0.29,91,-17.2,0.68,-1.1,112,-51.1,0.6,-0.4,58,0.5,1.03,0.07,430,-83.1,0.97,-0.01,58,-1.9,0.94,-0.15
S9817476,SHORT: sma20 + 1.0xATR(20)  |  filter=close_below_sma100  |  exit=time(10 bars),sma20|close_below_sma100|time_exit|short,5,15.4,False,3,10,2413,87,0.91,-0.22,0.33,112,-67.1,0.93,-0.08,535,-38.5,0.88,-0.75,191,7.2,1.08,0.08,424,-4.5,0.9,-0.53,138,-44.8,0.74,-0.27,87,-24.6,0.61,-1.12,195,-91.1,0.55,-0.55,91,-24.3,0.56,-1.39,540,47.3,1.12,0.11,100,2.3,1.07,0.18
S3040285,LONG: prev_low + 1.0xATR(40)  |  filter=time_window_close  |  exit=ATR stop 3.0x / target 2.0x,prev_low|time_window_close|atr_stop_target|long,6,15.3,False,2,10,1178,0,1.05,0.3,0.31,0,0.0,,,641,-6.6,1.0,-0.01,0,0.0,,,330,4.4,1.11,0.61,0,0.0,,,68,-13.3,0.71,-0.87,0,0.0,,,79,1.3,1.05,0.13,0,0.0,,,60,-4.1,0.92,-0.22
S6744278,SHORT: prev_low + 1.5xATR(14)  |  filter=adx_below(35)  |  exit=EOD (close at end of session),prev_low|adx_below|eod_exit|short,4,15.2,False,5,10,1424,13,0.71,-0.69,0.5,48,-2.5,1.06,0.04,168,-18.8,0.84,-0.57,13,0.5,1.15,0.04,110,-7.0,0.6,-1.36,72,8.7,1.41,0.2,86,6.6,1.44,0.86,76,-24.3,0.54,-0.29,63,1.5,1.1,0.19,734,-14.2,0.69,-0.14,54,1.9,1.13,0.25
S4192546,SHORT: prev_high + 1.0xATR(14)  |  filter=volume_spike(1.2)  |  exit=EOD (close at end of session),prev_high|volume_spike|eod_exit|short,4,15.2,False,3,10,2273,0,0.95,-0.18,0.4,252,-71.5,0.77,-0.4,543,-48.6,0.85,-0.9,0,0.0,,,0,0.0,,,401,18.0,1.17,0.22,204,3.3,1.08,0.27,679,-43.0,0.83,-0.26,189,-0.4,1.0,0.0,5,1.2,1.69,0.06,0,0.0,,
S4945347,SHORT: prev_low + 1.5xATR(10)  |  filter=adx_below(45)  |  exit=EOD (close at end of session),prev_low|adx_below|eod_exit|short,4,15.2,False,5,10,1461,13,0.66,-0.75,0.44,49,-9.4,0.97,-0.02,163,-26.6,0.77,-0.82,13,0.5,1.15,0.04,107,-6.6,0.62,-1.26,67,10.7,1.61,0.26,98,8.9,1.48,0.9,72,-25.2,0.49,-0.32,61,1.0,1.07,0.14,773,-18.3,0.6,-0.19,58,3.7,1.23,0.44
S4233428,SHORT: lowest_low_10 + 0.5xATR(30)  |  filter=time_window_open  |  exit=EOD (close at end of session),lowest_low_10|time_window_open|eod_exit|short,4,15.2,False,3,10,1926,63,0.86,-0.14,0.18,107,-58.4,0.67,-0.39,115,-2.6,1.0,-0.0,65,-0.1,1.0,-0.0,90,-1.0,0.94,-0.16,180,4.8,1.11,0.09,83,7.7,1.47,0.82,216,-18.7,0.86,-0.12,63,-2.3,0.89,-0.25,927,-48.3,0.67,-0.28,80,5.3,1.28,0.57
S8796115,SHORT: donchian_high20 + 2.5xATR(20)  |  filter=atr_contraction(0.7)  |  exit=EOD (close at end of session),donchian_high20|atr_contraction|eod_exit|short,4,15.1,False,3,10,521,0,1.0,0.07,0.1,129,16.3,1.19,0.17,88,-1.9,0.98,-0.03,9,-0.1,0.63,-0.09,23,0.0,1.02,0.02,1,-2.1,0.0,,5,-0.6,0.0,-1.5,0,0.0,,,8,1.9,3.49,0.86,249,-3.9,0.82,-0.03,9,-1.2,0.66,-0.34
S6955999,SHORT: sma50 + 0.5xATR(30)  |  filter=adx_master_filter  |  exit=ATR stop 2.0x / target 4.0x,sma50|adx_master_filter|atr_stop_target|short,6,14.9,False,3,10,2005,81,0.94,-0.24,0.39,98,-87.9,0.78,-0.31,463,-0.2,1.02,0.13,102,15.2,1.19,0.15,303,-4.7,0.89,-0.62,96,-59.8,0.59,-0.49,90,0.8,1.03,0.09,179,-84.7,0.62,-0.47,102,-14.8,0.78,-0.77,491,100.5,1.17,0.15,81,-7.7,0.88,-0.36
S0749116,LONG: prev_low + 1.5xATR(14)  |  filter=time_window_close  |  exit=ATR stop 3.0x / target 3.0x,prev_low|time_window_close|atr_stop_target|long,6,14.8,False,3,10,588,0,0.98,-0.12,0.07,0,0.0,,,362,-12.9,0.97,-0.2,0,0.0,,,155,-0.4,0.99,-0.05,0,0.0,,,18,8.9,1.91,0.91,0,0.0,,,35,6.0,1.39,0.65,0,0.0,,,18,4.7,1.41,0.48
S1245391,LONG: donchian_high20 + 2.5xATR(40)  |  filter=adx_below(45)  |  exit=ATR stop 3.0x / target 5.0x,donchian_high20|adx_below|atr_stop_target|long,6,14.6,False,7,10,203,0,0.0,0.0,0.0,15,188.5,7.09,1.09,38,11.3,1.4,0.66,2,16.6,999.0,0.61,16,-0.3,0.88,-0.16,3,-0.0,1.04,0.01,28,8.0,1.49,0.65,0,0.0,,,3,3.9,5.52,1.01,91,92.9,2.43,0.39,7,3.5,1.62,0.43
S8667653,LONG: highest_high_10 + 3.0xATR(30)  |  filter=shallow_pullback_long(0.5)  |  exit=ATR stop 1.0x / target 4.0x,highest_high_10|shallow_pullback_long|atr_stop_target|long,6,14.5,False,7,10,120,0,0.0,0.0,0.0,9,21.3,2.53,0.29,17,2.3,1.38,0.37,0,0.0,,,7,0.5,2.09,0.51,1,-0.9,0.0,,9,4.1,2.7,0.88,0,0.0,,,2,2.0,6.01,0.72,72,40.4,2.83,0.32,3,1.9,2.86,0.48
S1565374,LONG: sma20 + 3.0xATR(14)  |  filter=atr_contraction(0.7)  |  exit=stop@POI / target 4.0xATR,sma20|atr_contraction|poi_anchored_stop|long,5,14.5,False,7,10,80,0,0.0,0.0,0.0,9,38.5,7.95,0.89,12,6.1,4.06,1.72,2,0.7,1.54,0.06,0,0.0,,,1,-3.4,0.0,,1,2.4,999.0,,4,6.9,4.68,0.26,5,0.4,1.23,0.15,46,8.7,1.39,0.12,0,0.0,,
S7383455,LONG: highest_high_10 + 3.0xATR(20)  |  filter=time_window_open  |  exit=EOD (close at end of session),highest_high_10|time_window_open|eod_exit|long,4,14.5,False,7,10,137,0,0.0,0.0,0.0,9,14.3,1.98,0.17,7,0.9,1.18,0.14,3,-0.4,0.19,-0.3,1,0.5,999.0,,1,0.1,999.0,,20,-1.0,0.79,-0.31,0,0.0,,,2,0.6,999.0,5.43,90,0.4,999.0,0.13,4,3.8,11.46,1.54
S7494012,SHORT: session_open + 0.75xATR(10)  |  filter=time_window_mid  |  exit=EOD (close at end of session),session_open|time_window_mid|eod_exit|short,4,14.1,False,2,10,1076,0,0.96,-0.24,0.04,0,0.0,,,505,-18.1,0.96,-0.2,0,0.0,,,402,-2.5,0.95,-0.28,0,0.0,,,28,-3.9,0.51,-0.85,0,0.0,,,71,0.2,1.02,0.05,0,0.0,,,70,13.4,3.52,2.73
S8904033,SHORT: sma50 + 3.0xATR(20)  |  filter=atr_expansion(1.0)  |  exit=time(15 bars),sma50|atr_expansion|time_exit|short,5,14.1,False,3,10,879,28,1.0,-0.33,0.36,30,-76.0,0.57,-0.28,212,-31.9,0.83,-0.7,48,34.0,2.06,0.36,138,-2.4,0.86,-0.46,37,-47.2,0.4,-0.43,39,-20.9,0.51,-1.18,76,-76.4,0.47,-0.41,45,-24.8,0.45,-1.37,226,133.5,1.3,0.17,28,4.4,1.25,0.34
S7827298,LONG: hod_running + 0.5xATR(40)  |  filter=adx_master_filter  |  exit=time(15 bars),hod_running|adx_master_filter|time_exit|long,5,13.9,False,3,10,528,0,0.97,-0.1,0.31,0,0.0,,,243,4.5,1.05,0.21,0,0.0,,,169,-3.0,0.89,-0.41,0,0.0,,,38,29.0,2.27,1.48,0,0.0,,,32,-3.0,0.86,-0.23,0,0.0,,,46,16.0,1.57,0.76
S9522950,SHORT: sma50 + 0.5xATR(30)  |  filter=atr_expansion(1.2)  |  exit=ATR stop 1.0x / target 3.0x,sma50|atr_expansion|atr_stop_target|short,6,13.9,False,2,10,1362,24,0.98,-0.15,0.21,53,-56.3,0.74,-0.26,397,-4.6,0.99,-0.05,62,-12.5,0.78,-0.17,194,-2.0,0.89,-0.46,37,-21.9,0.66,-0.22,53,1.4,1.07,0.13,197,-48.3,0.8,-0.21,93,-1.9,0.96,-0.11,252,51.8,1.23,0.12,24,-1.4,0.91,-0.15
S4258459,SHORT: donchian_low20 + 0.5xATR(40)  |  filter=adx_master_filter  |  exit=ATR stop 2.0x / target 5.0x,donchian_low20|adx_master_filter|atr_stop_target|short,6,13.8,False,3,10,788,17,1.07,-0.25,0.52,33,106.2,1.65,0.37,177,-1.9,1.01,0.03,17,-1.2,0.95,-0.02,114,-4.2,0.74,-0.98,36,-33.2,0.48,-0.4,37,9.0,1.39,0.56,67,-51.2,0.61,-0.28,39,-16.7,0.37,-1.87,230,181.8,1.45,0.21,38,-2.1,0.94,-0.11
S7024514,LONG: prev_low + 2.5xATR(40)  |  filter=time_window_close  |  exit=ATR stop 2.0x / target 3.0x,prev_low|time_window_close|atr_stop_target|long,6,13.8,False,2,10,196,0,1.01,0.02,0.0,0,0.0,,,128,-0.7,1.01,0.02,0,0.0,,,54,-1.7,0.79,-0.58,0,0.0,,,6,2.5,1.61,0.4,0,0.0,,,4,-2.0,0.26,-0.99,0,0.0,,,4,3.1,2.77,0.74
S8909955,SHORT: sma50 + 1.5xATR(14)  |  filter=atr_expansion(1.0)  |  exit=ATR stop 3.0x / target 4.0x,sma50|atr_expansion|atr_stop_target|short,6,13.6,False,2,10,1281,43,0.95,-0.07,0.23,43,-73.5,0.68,-0.3,283,3.4,1.04,0.19,73,-3.1,1.0,-0.0,197,-1.5,0.96,-0.18,59,-53.8,0.55,-0.44,50,-2.7,0.96,-0.1,126,-82.4,0.62,-0.39,65,-23.0,0.61,-1.17,334,36.2,1.16,0.11,51,-12.6,0.74,-0.7
S4817821,SHORT: session_open + 1.5xATR(40)  |  filter=time_window_mid  |  exit=EOD (close at end of session),session_open|time_window_mid|eod_exit|short,4,13.5,False,2,10,359,0,0.96,-0.14,0.03,0,0.0,,,194,-8.1,0.95,-0.17,0,0.0,,,142,-0.6,0.96,-0.12,0,0.0,,,5,-0.8,0.76,-0.19,0,0.0,,,15,3.1,2.39,0.8,0,0.0,,,3,1.0,3.09,0.57
S8072192,SHORT: session_open + 1.5xATR(20)  |  filter=time_window_mid  |  exit=EOD (close at end of session),session_open|time_window_mid|eod_exit|short,4,13.5,False,2,10,347,0,0.95,-0.16,0.01,0,0.0,,,194,-7.3,0.96,-0.15,0,0.0,,,134,-0.8,0.94,-0.17,0,0.0,,,5,-0.8,0.76,-0.19,0,0.0,,,11,2.6,2.82,0.75,0,0.0,,,3,1.0,3.18,0.6
S7364882,LONG: hod_running + 0.5xATR(14)  |  filter=adx_master_filter  |  exit=time(5 bars),hod_running|adx_master_filter|time_exit|long,5,13.5,False,2,10,641,0,0.98,-0.07,0.12,0,0.0,,,291,-1.2,1.01,0.04,0,0.0,,,200,-1.0,0.95,-0.19,0,0.0,,,47,9.6,1.55,0.89,0,0.0,,,43,-6.5,0.68,-0.66,0,0.0,,,60,16.8,1.73,1.1
S0590977,SHORT: sma50 + 0.75xATR(30)  |  filter=shallow_pullback_short(1.5)  |  exit=time(10 bars),sma50|shallow_pullback_short|time_exit|short,5,13.5,False,1,10,2937,106,0.88,-0.33,0.28,148,-78.6,0.89,-0.14,630,-37.8,0.9,-0.65,240,25.7,1.18,0.2,511,-4.8,0.92,-0.51,189,-55.0,0.75,-0.32,110,-14.3,0.84,-0.47,239,-89.5,0.61,-0.49,106,-14.9,0.76,-0.7,634,-1.4,1.08,0.08,130,-5.7,0.92,-0.27
S3618730,SHORT: session_open + 1.5xATR(30)  |  filter=time_window_mid  |  exit=EOD (close at end of session),session_open|time_window_mid|eod_exit|short,4,13.4,False,2,10,355,0,0.96,-0.14,0.05,0,0.0,,,190,-8.2,0.95,-0.18,0,0.0,,,144,-0.4,0.97,-0.09,0,0.0,,,5,-0.8,0.76,-0.19,0,0.0,,,14,2.9,2.29,0.74,0,0.0,,,2,0.8,2.65,0.45
S1116985,LONG: donchian_high20 + 3.0xATR(10)  |  filter=adx_master_filter  |  exit=stop@POI / target 2.0xATR,donchian_high20|adx_master_filter|poi_anchored_stop|long,5,13.3,False,6,10,60,0,0.0,0.0,0.0,5,7.6,1.85,0.18,8,0.0,1.03,0.02,0,0.0,,,7,0.0,1.03,0.02,0,0.0,,,5,-0.4,0.9,-0.07,0,0.0,,,1,1.0,999.0,,31,10.9,1.87,0.17,3,3.9,999.0,5.14
S0210301,LONG: donchian_high20 + 3.0xATR(20)  |  filter=atr_expansion(1.1)  |  exit=ATR stop 3.0x / target 3.0x,donchian_high20|atr_expansion|atr_stop_target|long,6,13.3,False,6,10,87,0,0.0,0.0,0.0,7,52.6,7.36,0.79,13,0.9,1.11,0.12,2,11.4,999.0,0.64,7,-0.7,0.55,-0.54,0,0.0,,,9,-2.0,0.75,-0.29,0,0.0,,,2,3.2,999.0,5.36,45,36.9,2.86,0.33,2,3.7,999.0,4.07
S1564536,SHORT: sma20 + 1.0xATR(10)  |  filter=atr_expansion(1.3)  |  exit=ATR stop 2.0x / target 3.0x,sma20|atr_expansion|atr_stop_target|short,6,13.3,False,2,10,503,8,0.92,-0.1,0.05,31,-94.4,0.24,-1.06,135,-8.6,0.96,-0.16,16,-4.6,0.83,-0.06,59,-2.8,0.75,-0.69,21,-3.8,0.98,-0.01,22,5.6,1.3,0.35,67,-38.6,0.8,-0.13,32,-17.4,0.46,-1.33,112,-48.2,0.87,-0.05,8,3.8,1.94,0.6
S1291235,SHORT: sma50 + 0.75xATR(14)  |  filter=adx_below(35)  |  exit=stop@POI / target 5.0xATR,sma50|adx_below|poi_anchored_stop|short,5,13.3,False,1,10,2226,84,0.93,-0.1,0.21,114,-57.9,0.98,-0.03,491,-3.6,1.01,0.05,158,-13.0,0.93,-0.07,336,-1.6,0.97,-0.17,151,-58.7,0.65,-0.41,86,-6.9,0.91,-0.25,210,-82.5,0.66,-0.36,84,-11.6,0.81,-0.48,507,515.2,1.34,0.26,89,-13.9,0.77,-0.63
S8440035,LONG: session_open + 3.0xATR(40)  |  filter=adx_below(35)  |  exit=stop@POI / target 2.0xATR,session_open|adx_below|poi_anchored_stop|long,5,13.3,False,6,10,108,0,0.0,0.0,0.0,13,59.8,3.51,0.62,55,15.5,1.56,1.02,0,0.0,,,29,-1.0,0.8,-0.39,2,-0.6,0.93,-0.01,2,-0.7,0.44,-0.39,2,8.7,999.0,3.99,1,0.7,999.0,,1,2.7,999.0,,3,4.1,999.0,16.87
S6681031,SHORT: donchian_high20 + 3.0xATR(20)  |  filter=shallow_pullback_short(1.5)  |  exit=stop@POI / target 5.0xATR,donchian_high20|shallow_pullback_short|poi_anchored_stop|short,5,13.2,False,2,10,2094,81,0.9,-0.36,0.48,100,-83.2,0.9,-0.13,445,-37.6,0.91,-0.54,126,23.1,1.19,0.17,329,-12.7,0.79,-1.31,136,-79.3,0.59,-0.53,89,-18.1,0.8,-0.62,174,-84.8,0.67,-0.38,81,-9.0,0.87,-0.34,529,253.6,1.22,0.2,85,-21.4,0.71,-0.9
S8106858,SHORT: sma20 + 1.5xATR(20)  |  filter=close_below_sma100  |  exit=time(20 bars),sma20|close_below_sma100|time_exit|short,5,13.1,False,2,10,1455,52,0.93,-0.29,0.39,65,-94.2,0.73,-0.27,311,-23.1,0.93,-0.34,108,6.0,1.1,0.07,247,-8.8,0.79,-0.94,93,-76.4,0.48,-0.59,56,-21.4,0.67,-0.81,124,-83.1,0.58,-0.4,52,-12.8,0.64,-0.89,334,135.7,1.24,0.16,65,-18.8,0.68,-0.9
S1349542,SHORT: lowest_low_10 + 1.0xATR(40)  |  filter=atr_expansion(1.0)  |  exit=ATR stop 2.5x / target 1.5x,lowest_low_10|atr_expansion|atr_stop_target|short,6,12.9,False,2,10,802,14,0.89,-0.27,0.19,26,-51.0,0.67,-0.27,178,-11.5,0.9,-0.46,14,7.7,2.16,0.29,96,-4.5,0.64,-1.39,41,-23.7,0.66,-0.24,43,-2.5,0.9,-0.21,69,-28.4,0.76,-0.16,38,-7.2,0.61,-0.94,263,-43.4,0.88,-0.07,34,3.5,1.22,0.39
S9699643,SHORT: lowest_low_10 + 1.5xATR(20)  |  filter=atr_expansion(1.1)  |  exit=ATR stop 3.0x / target 2.0x,lowest_low_10|atr_expansion|atr_stop_target|short,6,12.8,False,3,10,326,1,0.57,-0.16,0.0,10,-72.2,0.17,-0.7,74,1.1,1.04,0.1,1,2.2,999.0,,43,-2.4,0.66,-0.89,12,-3.0,0.92,-0.03,25,-2.3,0.9,-0.15,18,-16.4,0.63,-0.15,17,-4.0,0.63,-0.62,119,-66.4,0.57,-0.16,7,1.4,1.34,0.26
S4213553,SHORT: prev_close + 0.75xATR(14)  |  filter=adx_trend(15)  |  exit=time(20 bars),prev_close|adx_trend|time_exit|short,5,12.7,False,1,10,2519,97,0.81,-0.38,0.3,137,-99.8,0.6,-0.63,537,-45.2,0.9,-0.63,176,7.5,1.08,0.08,393,-0.8,0.99,-0.05,173,-89.8,0.56,-0.61,100,-25.2,0.74,-0.8,251,-91.0,0.61,-0.49,97,-17.6,0.76,-0.65,553,-95.7,0.89,-0.11,102,-8.2,0.93,-0.21
S9032149,SHORT: hod_running + 3.0xATR(40)  |  filter=atr_expansion(1.0)  |  exit=EOD (close at end of session),hod_running|atr_expansion|eod_exit|short,4,12.6,False,1,10,684,0,0.95,-0.24,0.01,0,0.0,,,324,-14.9,0.94,-0.25,0,0.0,,,266,-1.5,0.95,-0.22,0,0.0,,,33,-6.1,0.36,-1.28,0,0.0,,,44,-2.5,0.81,-0.34,0,0.0,,,17,5.7,8.95,2.75
S0945564,SHORT: sma50 + 1.5xATR(30)  |  filter=volume_spike(1.2)  |  exit=stop@POI / target 4.0xATR,sma50|volume_spike|poi_anchored_stop|short,5,12.6,False,2,10,745,0,0.86,-0.07,0.23,63,-75.6,0.79,-0.23,334,1.7,1.03,0.17,0,0.0,,,0,0.0,,,91,-57.4,0.61,-0.41,55,-8.5,0.86,-0.32,138,-74.2,0.7,-0.3,62,-15.0,0.69,-0.78,2,3.1,1.99,0.06,0,0.0,,
S9288289,SHORT: hod_running + 2.5xATR(30)  |  filter=adx_trend(20)  |  exit=ATR stop 1.5x / target 2.0x,hod_running|adx_trend|atr_stop_target|short,6,12.4,False,3,10,1456,0,0.94,-0.47,0.93,0,0.0,,,780,16.7,1.05,0.46,0,0.0,,,501,-8.8,0.83,-1.39,0,0.0,,,65,8.8,1.33,0.71,0,0.0,,,74,-7.5,0.75,-0.77,0,0.0,,,36,14.3,2.14,1.59
S7887422,SHORT: hod_running + 1.0xATR(14)  |  exit=time(10 bars),hod_running|none|time_exit|short,4,12.3,False,1,10,2764,0,0.89,-0.6,0.59,0,0.0,,,1249,-41.7,0.95,-0.46,0,0.0,,,903,-9.8,0.9,-0.79,0,0.0,,,209,-34.8,0.75,-1.08,0,0.0,,,200,-25.4,0.72,-1.16,0,0.0,,,203,10.7,1.13,0.47
S1426659,SHORT: sma20 + 2.0xATR(10)  |  filter=close_below_sma100  |  exit=time(15 bars),sma20|close_below_sma100|time_exit|short,5,12.3,False,1,10,1373,51,0.85,-0.21,0.16,64,-93.1,0.65,-0.38,291,-11.1,0.98,-0.1,85,5.0,1.1,0.07,217,-2.4,0.91,-0.34,83,-48.2,0.63,-0.33,59,-20.1,0.64,-0.94,117,-80.9,0.56,-0.4,51,-9.8,0.76,-0.48,346,-56.5,0.97,-0.02,60,-11.6,0.76,-0.56
S2224851,SHORT: sma20 + 2.0xATR(20)  |  filter=adx_master_filter  |  exit=ATR stop 3.0x / target 2.0x,sma20|adx_master_filter|atr_stop_target|short,6,12.3,False,1,10,1835,79,0.91,-0.26,0.36,84,-62.2,0.97,-0.03,408,-3.6,1.01,0.04,95,2.4,1.05,0.05,246,-5.5,0.84,-0.87,88,-62.6,0.57,-0.48,89,-15.3,0.77,-0.74,164,-45.6,0.88,-0.12,80,-17.4,0.66,-1.11,502,-77.0,0.9,-0.09,79,-8.7,0.85,-0.47
S3435871,SHORT: hod_running + 2.5xATR(14)  |  filter=volume_spike(1.5)  |  exit=ATR stop 3.0x / target 4.0x,hod_running|volume_spike|atr_stop_target|short,6,12.2,False,1,10,499,0,0.9,-0.69,0.0,0,0.0,,,422,-36.9,0.9,-0.69,0,0.0,,,0,0.0,,,0,0.0,,,32,5.2,1.22,0.36,0,0.0,,,45,-20.0,0.46,-1.49,0,0.0,,,0,0.0,,
S9191823,SHORT: prev_low + 2.5xATR(10)  |  filter=shallow_pullback_short(1.0)  |  exit=time(5 bars),prev_low|shallow_pullback_short|time_exit|short,5,12.2,False,5,10,168,1,0.0,0.0,0.0,11,26.7,2.02,0.27,22,6.9,1.71,0.66,1,0.7,999.0,,13,-1.1,0.29,-1.31,3,4.7,4.4,0.23,14,-1.9,0.68,-0.36,4,-13.8,0.02,-0.26,9,3.2,3.22,0.94,82,-0.1,1.02,0.01,9,-1.0,0.73,-0.24
S0903234,SHORT: lod_running + 0.75xATR(14)  |  filter=adx_master_filter  |  exit=EOD (close at end of session),lod_running|adx_master_filter|eod_exit|short,4,12.1,False,2,10,406,0,0.81,-0.61,0.21,0,0.0,,,183,-17.2,0.88,-0.4,0,0.0,,,130,-4.2,0.74,-0.82,0,0.0,,,34,-4.8,0.53,-0.94,0,0.0,,,32,0.3,1.05,0.06,0,0.0,,,27,16.4,11.97,3.53
S2601736,SHORT: lowest_low_10 + 3.0xATR(40)  |  filter=time_window_open  |  exit=ATR stop 1.5x / target 3.0x,lowest_low_10|time_window_open|atr_stop_target|short,6,12.1,False,5,10,115,1,0.0,0.0,0.0,4,-0.9,1.05,0.01,7,-1.5,0.7,-0.3,1,-1.6,0.0,,6,-1.2,0.0,-7.09,2,2.1,2.4,0.12,13,-0.3,0.96,-0.04,8,3.1,1.34,0.06,6,0.8,1.43,0.25,65,14.7,1.47,0.16,3,3.0,5.93,1.08
S3389652,SHORT: prev_low + 3.0xATR(20)  |  filter=atr_expansion(1.2)  |  exit=stop@POI / target 4.0xATR,prev_low|atr_expansion|poi_anchored_stop|short,5,12.1,False,5,10,126,2,0.0,0.0,0.0,2,-47.5,0.0,-0.87,20,-0.8,0.99,-0.02,5,-12.7,0.37,-0.22,16,0.6,1.17,0.2,3,3.0,2.18,0.14,14,5.9,1.67,0.56,4,-16.1,0.18,-0.27,7,1.9,1.42,0.3,53,29.5,1.6,0.19,2,-2.7,0.4,-0.43
S6645763,SHORT: highest_high_10 + 0.5xATR(14)  |  filter=time_window_mid  |  exit=ATR stop 2.0x / target 3.0x,highest_high_10|time_window_mid|atr_stop_target|short,6,12.1,False,2,10,2039,0,0.98,-0.07,0.91,0,0.0,,,808,-23.8,0.96,-0.34,0,0.0,,,598,15.0,1.2,1.45,0,0.0,,,239,-32.3,0.77,-1.27,0,0.0,,,205,-12.1,0.89,-0.49,0,0.0,,,189,5.9,1.06,0.27
S3916590,SHORT: prev_close + 1.5xATR(40)  |  filter=time_window_open  |  exit=ATR stop 1.0x / target 5.0x,prev_close|time_window_open|atr_stop_target|short,6,12.1,False,1,10,1472,57,0.91,-0.2,0.3,104,-61.1,0.81,-0.23,89,-11.2,0.73,-0.81,57,-0.9,1.0,0.0,68,-2.0,0.72,-0.69,146,-28.7,0.82,-0.18,107,-12.4,0.75,-0.73,181,-20.3,0.93,-0.05,72,-5.5,0.79,-0.53,579,115.7,1.22,0.18,69,-5.3,0.84,-0.4
S2543765,SHORT: hod_running + 0.75xATR(30)  |  filter=atr_expansion(1.0)  |  exit=EOD (close at end of session),hod_running|atr_expansion|eod_exit|short,4,12.0,False,2,10,1552,0,1.14,0.17,1.27,0,0.0,,,518,-67.2,0.77,-1.4,0,0.0,,,431,-4.9,0.91,-0.48,0,0.0,,,209,-0.8,0.99,-0.05,0,0.0,,,183,3.8,1.11,0.33,0,0.0,,,211,35.4,1.9,2.44
S4428683,SHORT: sma50 + 2.5xATR(20)  |  filter=adx_master_filter  |  exit=ATR stop 2.5x / target 5.0x,sma50|adx_master_filter|atr_stop_target|short,6,11.8,False,2,10,1149,39,1.03,-0.0,0.79,57,-82.2,0.72,-0.32,246,48.1,1.22,0.94,57,11.9,1.26,0.15,175,-6.3,0.79,-1.0,59,-66.8,0.39,-0.66,52,-14.9,0.73,-0.71,90,-41.8,0.84,-0.12,49,-18.7,0.55,-1.19,325,-20.0,1.07,0.05,39,-5.3,0.85,-0.32
S0137692,SHORT: highest_high_10 + 1.0xATR(30)  |  filter=time_window_close  |  exit=ATR stop 1.5x / target 4.0x,highest_high_10|time_window_close|atr_stop_target|short,6,11.7,False,1,10,1729,0,0.88,-0.55,0.46,0,0.0,,,748,-26.0,0.95,-0.43,0,0.0,,,446,1.0,1.02,0.14,0,0.0,,,187,-8.8,0.92,-0.33,0,0.0,,,179,-18.1,0.77,-1.03,0,0.0,,,169,-23.8,0.76,-1.08
S4151859,LONG: lod_running + 2.0xATR(20)  |  filter=time_window_close  |  exit=stop@POI / target 1.5xATR,lod_running|time_window_close|poi_anchored_stop|long,5,11.7,False,1,10,1341,0,1.03,0.04,0.6,0,0.0,,,657,-0.5,1.02,0.11,0,0.0,,,357,-2.6,0.94,-0.36,0,0.0,,,106,-9.5,0.82,-0.58,0,0.0,,,129,12.4,1.32,0.99,0,0.0,,,92,-1.7,0.98,-0.06
S4346163,SHORT: highest_high_10 + 0.5xATR(40)  |  filter=time_window_close  |  exit=ATR stop 1.5x / target 1.5x,highest_high_10|time_window_close|atr_stop_target|short,6,11.5,False,1,10,2848,0,0.9,-0.66,0.84,0,0.0,,,1170,-26.3,0.95,-0.57,0,0.0,,,703,5.8,1.1,0.84,0,0.0,,,326,-29.4,0.75,-1.68,0,0.0,,,321,-13.3,0.87,-0.8,0,0.0,,,328,-23.0,0.84,-1.1
S8826207,SHORT: prev_high + 1.0xATR(40)  |  filter=atr_expansion(1.0)  |  exit=time(10 bars),prev_high|atr_expansion|time_exit|short,5,11.5,False,1,10,2909,112,0.84,-0.46,0.79,149,-99.9,0.48,-0.86,671,-72.4,0.76,-1.84,175,-6.6,0.98,-0.02,464,-5.8,0.89,-0.62,191,-73.3,0.65,-0.47,127,-5.0,0.96,-0.13,284,-92.3,0.57,-0.6,112,-22.9,0.62,-1.27,613,-60.4,0.98,-0.02,123,26.4,1.49,1.25
S8509664,SHORT: highest_high_10 + 2.0xATR(40)  |  filter=time_window_close  |  exit=time(20 bars),highest_high_10|time_window_close|time_exit|short,5,11.4,False,0,10,1062,0,0.89,-0.57,0.05,0,0.0,,,446,-38.7,0.89,-0.62,0,0.0,,,343,-5.5,0.89,-0.53,0,0.0,,,93,-26.2,0.73,-0.79,0,0.0,,,83,-18.6,0.66,-0.89,0,0.0,,,97,-26.0,0.66,-1.15
S4700993,SHORT: lod_running + 0.5xATR(20)  |  filter=adx_master_filter  |  exit=EOD (close at end of session),lod_running|adx_master_filter|eod_exit|short,4,11.4,False,2,10,597,0,0.9,-0.4,0.58,0,0.0,,,247,3.2,1.05,0.18,0,0.0,,,185,-6.4,0.74,-0.99,0,0.0,,,57,-0.2,0.99,-0.02,0,0.0,,,51,-2.2,0.84,-0.3,0,0.0,,,57,23.0,4.78,3.06
S0554564,LONG: hod_running + 0.5xATR(40)  |  filter=time_window_open  |  exit=ATR stop 3.0x / target 2.0x,hod_running|time_window_open|atr_stop_target|long,6,11.2,False,2,10,424,0,0.87,-0.56,0.54,0,0.0,,,171,-2.1,1.0,-0.02,0,0.0,,,129,-5.1,0.74,-1.09,0,0.0,,,41,5.3,1.28,0.53,0,0.0,,,35,-0.7,0.97,-0.05,0,0.0,,,48,4.4,1.16,0.34
S2992244,SHORT: hod_running + 3.0xATR(10)  |  filter=adx_trend(20)  |  exit=ATR stop 1.0x / target 4.0x,hod_running|adx_trend|atr_stop_target|short,6,11.2,False,3,10,973,0,0.9,-0.64,1.07,0,0.0,,,528,15.2,1.07,0.43,0,0.0,,,363,-9.6,0.72,-1.71,0,0.0,,,37,-5.6,0.66,-0.67,0,0.0,,,30,0.3,1.04,0.06,0,0.0,,,15,0.3,1.07,0.08
S8490121,SHORT: donchian_low20 + 0.5xATR(10)  |  filter=time_window_close  |  exit=EOD (close at end of session),donchian_low20|time_window_close|eod_exit|short,4,11.1,False,1,10,175,0,0.74,-0.78,0.0,0,0.0,,,109,-12.9,0.74,-0.78,0,0.0,,,46,-0.7,0.82,-0.26,0,0.0,,,4,0.4,6.65,1.36,0,0.0,,,12,-0.5,0.82,-0.18,0,0.0,,,4,-0.5,0.53,-0.32
S8410096,SHORT: prev_close + 2.5xATR(30)  |  filter=atr_expansion(1.3)  |  exit=time(5 bars),prev_close|atr_expansion|time_exit|short,5,11.0,False,4,10,215,4,0.0,0.0,0.0,9,-18.0,0.71,-0.11,50,-14.4,0.58,-1.03,6,-16.4,0.08,-0.35,22,3.3,3.71,1.31,13,-5.8,0.76,-0.08,18,0.3,1.05,0.05,12,13.5,1.64,0.12,11,1.5,1.41,0.33,70,-39.1,0.69,-0.07,4,-1.3,0.47,-0.5
S9697288,LONG: prev_high + 1.5xATR(30)  |  filter=time_window_mid  |  exit=ATR stop 2.0x / target 2.0x,prev_high|time_window_mid|atr_stop_target|long,6,11.0,False,4,10,181,0,0.0,0.0,0.0,0,0.0,,,96,10.2,1.22,0.66,0,0.0,,,82,-0.4,0.96,-0.13,0,0.0,,,1,1.4,999.0,,0,0.0,,,1,3.4,999.0,,0,0.0,,,1,0.9,999.0,
S2227514,SHORT: session_open + 2.5xATR(14)  |  filter=adx_trend(15)  |  exit=ATR stop 3.0x / target 3.0x,session_open|adx_trend|atr_stop_target|short,6,11.0,False,4,10,152,0,0.0,0.0,0.0,16,-14.3,0.96,-0.02,67,-3.4,0.96,-0.11,0,0.0,,,30,2.2,1.61,0.84,2,1.2,1.4,0.05,9,-5.6,0.5,-0.65,11,-11.5,0.53,-0.16,10,1.5,1.39,0.34,0,0.0,,,7,4.1,2.41,0.82
S8484502,SHORT: lod_running + 1.5xATR(30)  |  filter=adx_master_filter  |  exit=stop@POI / target 5.0xATR,lod_running|adx_master_filter|poi_anchored_stop|short,5,10.9,False,4,10,141,0,0.0,0.0,0.0,0,0.0,,,80,1.5,1.05,0.12,0,0.0,,,43,-1.6,0.79,-0.48,0,0.0,,,8,1.6,1.28,0.21,0,0.0,,,7,3.1,1.99,0.54,0,0.0,,,3,4.1,10.24,1.29
S6507029,SHORT: prev_low + 3.0xATR(14)  |  filter=shallow_pullback_short(0.75)  |  exit=time(15 bars),prev_low|shallow_pullback_short|time_exit|short,5,10.9,False,4,10,92,1,0.0,0.0,0.0,5,-3.2,1.16,0.03,14,17.7,5.65,1.32,1,3.3,999.0,,5,-1.9,0.04,-1.29,2,-3.6,0.11,-0.24,7,3.9,2.1,0.49,4,-13.2,0.18,-0.21,6,-0.1,0.98,-0.02,45,24.5,1.59,0.14,3,-2.1,0.0,-1.16
S3305233,LONG: session_open + 2.5xATR(10)  |  filter=shallow_pullback_long(1.5)  |  exit=time(3 bars),session_open|shallow_pullback_long|time_exit|long,5,10.9,False,4,10,105,0,0.0,0.0,0.0,19,66.0,2.73,0.47,50,5.1,1.3,0.43,0,0.0,,,22,-1.9,0.28,-1.61,1,3.3,999.0,,4,-0.6,0.42,-0.56,0,0.0,,,0,0.0,,,2,-1.7,0.37,-0.08,7,4.9,10.08,1.77
S8956874,SHORT: session_open + 3.0xATR(40)  |  filter=adx_trend(25)  |  exit=ATR stop 2.0x / target 1.5x,session_open|adx_trend|atr_stop_target|short,6,10.9,False,4,10,67,0,0.0,0.0,0.0,10,-31.6,0.36,-0.43,32,3.1,1.23,0.39,0,0.0,,,11,-0.6,0.59,-0.62,1,2.4,999.0,,3,-0.3,0.84,-0.1,6,-6.9,0.36,-0.2,2,0.0,1.05,0.02,0,0.0,,,2,1.8,999.0,17.05
S3780732,LONG: highest_high_10 + 3.0xATR(10)  |  filter=adx_below(45)  |  exit=EOD (close at end of session),highest_high_10|adx_below|eod_exit|long,4,10.9,False,4,10,100,0,0.0,0.0,0.0,6,-13.8,0.12,-0.36,11,-0.3,0.96,-0.04,2,-0.2,0.32,-0.15,8,0.7,1.89,0.52,1,0.1,999.0,,10,-0.1,0.96,-0.04,0,0.0,,,2,0.6,999.0,5.43,56,0.0,999.0,,4,3.8,11.46,1.54
S7095477,LONG: prev_close + 1.5xATR(10)  |  filter=time_window_close  |  exit=EOD (close at end of session),prev_close|time_window_close|eod_exit|long,4,10.9,False,4,10,139,0,0.0,0.0,0.0,0,0.0,,,89,1.7,1.07,0.14,0,0.0,,,38,1.6,1.58,0.62,0,0.0,,,4,1.0,7.25,1.02,0,0.0,,,4,-0.9,0.13,-1.05,0,0.0,,,4,2.6,4.37,0.79
S0669534,SHORT: highest_high_10 + 3.0xATR(40)  |  filter=time_window_close  |  exit=ATR stop 3.0x / target 3.0x,highest_high_10|time_window_close|atr_stop_target|short,6,10.8,False,1,10,749,0,0.95,-0.24,0.52,0,0.0,,,310,7.8,1.05,0.28,0,0.0,,,226,-5.3,0.85,-0.75,0,0.0,,,90,-17.2,0.77,-0.8,0,0.0,,,68,-14.8,0.69,-0.94,0,0.0,,,55,-6.6,0.85,-0.38
S7285128,SHORT: highest_high_10 + 0.5xATR(20)  |  filter=time_window_close  |  exit=ATR stop 2.5x / target 1.5x,highest_high_10|time_window_close|atr_stop_target|short,6,10.5,False,1,10,2345,0,0.85,-0.92,0.92,0,0.0,,,959,-22.8,0.97,-0.35,0,0.0,,,585,3.7,1.06,0.46,0,0.0,,,279,-44.0,0.65,-2.2,0,0.0,,,274,-28.0,0.74,-1.5,0,0.0,,,248,-24.4,0.82,-1.0
S8206272,SHORT: prev_low + 1.0xATR(14)  |  filter=time_window_close  |  exit=EOD (close at end of session),prev_low|time_window_close|eod_exit|short,4,9.9,False,0,10,215,0,0.74,-0.9,0.0,0,0.0,,,145,-17.5,0.74,-0.9,0,0.0,,,50,-0.1,0.99,-0.02,0,0.0,,,8,-1.2,0.18,-1.42,0,0.0,,,10,-0.0,1.0,0.0,0,0.0,,,2,-0.8,0.27,-0.57
S9546024,SHORT: donchian_high20 + 2.5xATR(10)  |  filter=time_window_mid  |  exit=stop@POI / target 1.5xATR,donchian_high20|time_window_mid|poi_anchored_stop|short,5,9.9,False,1,10,1477,0,0.83,-0.73,0.82,0,0.0,,,604,-15.5,0.97,-0.2,0,0.0,,,457,0.3,1.01,0.06,0,0.0,,,139,-42.7,0.51,-2.21,0,0.0,,,137,-7.2,0.9,-0.32,0,0.0,,,140,-23.1,0.76,-0.97
S6110020,SHORT: lowest_low_10 + 0.5xATR(10)  |  filter=atr_contraction(0.8)  |  exit=stop@POI / target 1.5xATR,lowest_low_10|atr_contraction|poi_anchored_stop|short,5,9.8,False,3,10,237,1,0.0,0.0,0.0,21,-5.7,0.91,-0.06,75,-6.2,0.65,-1.17,4,-0.7,0.64,-0.08,31,-0.2,0.89,-0.22,1,0.9,999.0,,5,1.1,2.19,0.6,6,-5.4,0.0,-0.76,8,1.9,2.15,0.68,80,-14.4,0.54,-0.19,6,-0.2,0.82,-0.16
S9976933,SHORT: prev_high + 2.0xATR(30)  |  filter=atr_expansion(1.3)  |  exit=time(20 bars),prev_high|atr_expansion|time_exit|short,5,9.8,False,0,10,424,11,0.69,-1.13,0.0,33,-91.7,0.42,-0.47,127,-36.0,0.69,-1.13,11,-6.2,0.73,-0.09,64,-3.3,0.77,-0.5,23,-25.9,0.53,-0.24,20,-11.7,0.66,-0.52,33,-35.0,0.72,-0.12,17,-9.5,0.49,-0.81,84,-53.3,0.78,-0.09,12,-4.6,0.66,-0.41
S6251533,SHORT: donchian_low20 + 1.0xATR(14)  |  filter=time_window_close  |  exit=EOD (close at end of session),donchian_low20|time_window_close|eod_exit|short,4,9.7,False,3,10,79,0,0.0,0.0,0.0,0,0.0,,,57,-3.9,0.83,-0.37,0,0.0,,,16,-0.8,0.65,-0.35,0,0.0,,,2,0.3,999.0,16.99,0,0.0,,,3,0.9,3.36,0.58,0,0.0,,,1,0.3,999.0,
S9787937,SHORT: donchian_low20 + 1.5xATR(14)  |  filter=atr_expansion(1.3)  |  exit=EOD (close at end of session),donchian_low20|atr_expansion|eod_exit|short,4,9.7,False,3,10,123,0,0.0,0.0,0.0,5,-39.6,0.0,-1.42,25,-17.7,0.31,-1.16,0,0.0,,,13,1.2,1.9,0.58,2,5.3,999.0,0.98,7,-0.2,0.95,-0.04,12,-21.7,0.18,-0.37,7,2.2,1.83,0.5,48,-4.6,0.0,-0.17,4,-1.3,0.47,-0.5
S1245040,SHORT: lowest_low_10 + 3.0xATR(10)  |  exit=time(5 bars),lowest_low_10|none|time_exit|short,4,9.7,False,3,10,78,0,0.0,0.0,0.0,5,13.4,1.95,0.18,13,-6.5,0.41,-0.96,0,0.0,,,8,-0.6,0.25,-1.22,1,-1.5,0.0,,9,-2.1,0.3,-1.0,1,-2.3,0.0,,3,2.6,38.18,1.18,36,7.7,1.57,0.12,2,-0.2,0.09,-0.84
S2186283,LONG: hod_running + 1.0xATR(30)  |  filter=time_window_open  |  exit=EOD (close at end of session),hod_running|time_window_open|eod_exit|long,4,9.7,False,3,10,138,0,0.0,0.0,0.0,0,0.0,,,66,18.6,1.39,0.71,0,0.0,,,45,1.5,1.2,0.3,0,0.0,,,8,-2.5,0.14,-1.65,0,0.0,,,7,-0.7,0.38,-0.73,0,0.0,,,12,9.8,11.36,2.39
S1429950,SHORT: donchian_low20 + 1.0xATR(14)  |  filter=time_window_mid  |  exit=EOD (close at end of session),donchian_low20|time_window_mid|eod_exit|short,4,9.7,False,3,10,132,0,0.0,0.0,0.0,0,0.0,,,72,11.4,1.29,0.53,0,0.0,,,54,-0.7,0.89,-0.24,0,0.0,,,2,-1.1,0.48,-0.35,0,0.0,,,3,2.9,999.0,1.24,0,0.0,,,1,0.2,999.0,
S2793070,LONG: session_open + 3.0xATR(20)  |  filter=close_above_sma100  |  exit=ATR stop 2.5x / target 1.5x,session_open|close_above_sma100|atr_stop_target|long,6,9.7,False,3,10,88,0,0.0,0.0,0.0,14,26.3,2.47,0.47,45,7.0,1.36,0.64,0,0.0,,,22,-1.7,0.51,-1.09,1,-4.1,0.0,,3,-1.4,0.22,-0.95,0,0.0,,,0,0.0,,,1,-3.8,0.0,,2,2.0,999.0,29.85
S6908864,SHORT: lowest_low_10 + 2.5xATR(40)  |  filter=atr_expansion(1.3)  |  exit=ATR stop 2.0x / target 4.0x,lowest_low_10|atr_expansion|atr_stop_target|short,6,9.7,False,3,10,89,0,0.0,0.0,0.0,3,-36.1,0.0,-3.04,16,0.5,1.06,0.08,0,0.0,,,8,-0.9,0.44,-0.81,2,-7.5,0.0,-0.88,9,-4.4,0.49,-0.73,9,-7.7,0.66,-0.09,6,2.9,2.42,0.64,35,-25.9,0.57,-0.09,1,1.8,999.0,
S6980673,LONG: prev_close + 3.0xATR(30)  |  filter=time_window_close  |  exit=EOD (close at end of session),prev_close|time_window_close|eod_exit|long,4,9.6,False,3,10,27,0,0.0,0.0,0.0,0,0.0,,,22,9.7,3.93,1.43,0,0.0,,,4,1.8,999.0,1.26,0,0.0,,,0,0.0,,,0,0.0,,,0,0.0,,,0,0.0,,,1,1.0,999.0,
S9163854,SHORT: lod_running + 2.5xATR(30)  |  filter=adx_master_filter  |  exit=EOD (close at end of session),lod_running|adx_master_filter|eod_exit|short,4,9.6,False,3,10,39,0,0.0,0.0,0.0,0,0.0,,,20,-18.0,0.3,-1.08,0,0.0,,,15,0.4,1.18,0.15,0,0.0,,,0,0.0,,,0,0.0,,,3,0.4,1.49,0.23,0,0.0,,,1,0.8,999.0,
S7235386,SHORT: donchian_low20 + 1.5xATR(40)  |  filter=atr_expansion(1.2)  |  exit=EOD (close at end of session),donchian_low20|atr_expansion|eod_exit|short,4,8.7,False,2,10,253,1,0.0,0.0,0.0,10,-58.9,0.0,-1.33,55,-22.1,0.58,-0.93,1,-0.5,0.0,,31,0.3,1.07,0.1,6,-0.4,0.95,-0.01,15,-0.6,0.91,-0.1,25,-30.3,0.14,-0.53,15,1.4,1.24,0.23,89,-4.9,0.58,-0.08,6,-1.6,0.43,-0.58
S3426430,SHORT: donchian_low20 + 1.0xATR(40)  |  filter=time_window_mid  |  exit=EOD (close at end of session),donchian_low20|time_window_mid|eod_exit|short,4,8.5,False,2,10,134,0,0.0,0.0,0.0,0,0.0,,,71,-2.4,0.97,-0.05,0,0.0,,,55,-1.0,0.85,-0.32,0,0.0,,,3,-1.5,0.41,-0.47,0,0.0,,,4,3.0,999.0,1.15,0,0.0,,,1,0.2,999.0,
S1247366,SHORT: donchian_low20 + 1.5xATR(14)  |  filter=time_window_mid  |  exit=stop@POI / target 5.0xATR,donchian_low20|time_window_mid|poi_anchored_stop|short,5,8.5,False,2,10,64,0,0.0,0.0,0.0,0,0.0,,,41,9.4,1.37,0.54,0,0.0,,,21,-0.7,0.8,-0.31,0,0.0,,,1,-0.6,0.0,,0,0.0,,,1,1.3,999.0,,0,0.0,,,0,0.0,,
S0167116,SHORT: lowest_low_10 + 3.0xATR(30)  |  filter=volume_spike(2.0)  |  exit=time(3 bars),lowest_low_10|volume_spike|time_exit|short,5,8.4,False,2,10,49,0,0.0,0.0,0.0,1,-4.1,0.0,,18,-3.7,0.65,-0.54,0,0.0,,,0,0.0,,,2,2.2,999.0,2.35,14,-2.1,0.46,-0.78,7,-24.0,0.08,-0.42,7,4.4,1282.33,2.46,0,0.0,,,0,0.0,,
S3994062,SHORT: donchian_low20 + 2.5xATR(20)  |  filter=time_window_mid  |  exit=stop@POI / target 3.0xATR,donchian_low20|time_window_mid|poi_anchored_stop|short,5,8.4,False,2,10,16,0,0.0,0.0,0.0,0,0.0,,,9,5.3,2.49,0.93,0,0.0,,,7,0.4,1.53,0.35,0,0.0,,,0,0.0,,,0,0.0,,,0,0.0,,,0,0.0,,,0,0.0,,
S3906511,SHORT: donchian_low20 + 3.0xATR(20)  |  filter=time_window_close  |  exit=EOD (close at end of session),donchian_low20|time_window_close|eod_exit|short,4,8.4,False,2,10,10,0,0.0,0.0,0.0,0,0.0,,,6,5.2,5.83,1.18,0,0.0,,,3,-0.8,0.4,-0.43,0,0.0,,,0,0.0,,,0,0.0,,,1,1.2,999.0,,0,0.0,,,0,0.0,,
S2786981,SHORT: lod_running + 2.5xATR(20)  |  filter=adx_master_filter  |  exit=stop@POI / target 2.0xATR,lod_running|adx_master_filter|poi_anchored_stop|short,5,8.4,False,2,10,31,0,0.0,0.0,0.0,0,0.0,,,16,-1.5,0.88,-0.14,0,0.0,,,12,-0.4,0.77,-0.28,0,0.0,,,0,0.0,,,0,0.0,,,2,1.6,999.0,9.75,0,0.0,,,1,1.0,999.0,
S8297323,SHORT: lowest_low_10 + 3.0xATR(30)  |  filter=atr_contraction(0.8)  |  exit=stop@POI / target 5.0xATR,lowest_low_10|atr_contraction|poi_anchored_stop|short,5,8.4,False,2,10,3,0,0.0,0.0,0.0,0,0.0,,,2,0.5,1.31,0.14,0,0.0,,,0,0.0,,,0,0.0,,,0,0.0,,,0,0.0,,,0,0.0,,,1,0.6,999.0,,0,0.0,,
S8428223,LONG: prev_high + 2.5xATR(40)  |  filter=time_window_mid  |  exit=stop@POI / target 5.0xATR,prev_high|time_window_mid|poi_anchored_stop|long,5,7.3,False,1,10,56,0,0.0,0.0,0.0,0,0.0,,,31,-6.9,0.77,-0.44,0,0.0,,,24,-1.4,0.68,-0.55,0,0.0,,,0,0.0,,,0,0.0,,,1,2.6,999.0,,0,0.0,,,0,0.0,,
S9943337,SHORT: donchian_low20 + 3.0xATR(30)  |  filter=time_window_mid  |  exit=EOD (close at end of session),donchian_low20|time_window_mid|eod_exit|short,4,7.2,False,1,10,8,0,0.0,0.0,0.0,0,0.0,,,4,0.6,2.05,0.42,0,0.0,,,4,-0.2,0.7,-0.22,0,0.0,,,0,0.0,,,0,0.0,,,0,0.0,,,0,0.0,,,0,0.0,,
S6400962,LONG: hod_running + 2.5xATR(14)  |  filter=shallow_pullback_long(1.0)  |  exit=ATR stop 2.0x / target 5.0x,hod_running|shallow_pullback_long|atr_stop_target|long,6,7.2,False,1,10,36,0,0.0,0.0,0.0,0,0.0,,,25,2.1,1.14,0.2,0,0.0,,,11,-1.2,0.31,-1.16,0,0.0,,,0,0.0,,,0,0.0,,,0,0.0,,,0,0.0,,,0,0.0,,
S7007515,SHORT: lowest_low_10 + 2.0xATR(14)  |  filter=atr_contraction(0.9)  |  exit=time(5 bars),lowest_low_10|atr_contraction|time_exit|short,5,7.2,False,1,10,36,0,0.0,0.0,0.0,3,-1.6,0.7,-0.09,4,-0.5,0.83,-0.11,0,0.0,,,1,-0.1,0.0,,0,0.0,,,1,-2.4,0.0,,0,0.0,,,1,0.2,999.0,,24,-4.4,0.57,-0.1,2,-1.4,0.31,-0.53
S9734736,SHORT: lod_running + 2.5xATR(20)  |  filter=atr_contraction(0.8)  |  exit=EOD (close at end of session),lod_running|atr_contraction|eod_exit|short,4,7.2,False,1,10,2,0,0.0,0.0,0.0,0,0.0,,,2,0.3,2.5,0.43,0,0.0,,,0,0.0,,,0,0.0,,,0,0.0,,,0,0.0,,,0,0.0,,,0,0.0,,,0,0.0,,
S6648671,SHORT: donchian_low20 + 2.5xATR(30)  |  filter=time_window_mid  |  exit=stop@POI / target 2.0xATR,donchian_low20|time_window_mid|poi_anchored_stop|short,5,7.2,False,1,10,17,0,0.0,0.0,0.0,0,0.0,,,9,4.6,2.44,0.95,0,0.0,,,8,-0.5,0.58,-0.48,0,0.0,,,0,0.0,,,0,0.0,,,0,0.0,,,0,0.0,,,0,0.0,,
S3282689,SHORT: lod_running + 2.0xATR(20)  |  filter=atr_contraction(0.9)  |  exit=EOD (close at end of session),lod_running|atr_contraction|eod_exit|short,4,7.2,False,1,10,6,0,0.0,0.0,0.0,0,0.0,,,4,1.0,1.9,0.38,0,0.0,,,1,-0.3,0.0,,0,0.0,,,1,-0.4,0.0,,0,0.0,,,0,0.0,,,0,0.0,,,0,0.0,,
S1311636,SHORT: lod_running + 3.0xATR(30)  |  filter=adx_master_filter  |  exit=EOD (close at end of session),lod_running|adx_master_filter|eod_exit|short,4,7.2,False,1,10,19,0,0.0,0.0,0.0,0,0.0,,,10,-4.3,0.54,-0.44,0,0.0,,,8,-0.5,0.7,-0.23,0,0.0,,,0,0.0,,,0,0.0,,,1,0.9,999.0,,0,0.0,,,0,0.0,,
S1158657,LONG: prev_high + 3.0xATR(30)  |  filter=time_window_mid  |  exit=ATR stop 1.5x / target 2.0x,prev_high|time_window_mid|atr_stop_target|long,6,7.2,False,1,10,27,0,0.0,0.0,0.0,0,0.0,,,15,6.2,2.38,1.18,0,0.0,,,12,-1.4,0.23,-1.85,0,0.0,,,0,0.0,,,0,0.0,,,0,0.0,,,0,0.0,,,0,0.0,,
S3379896,SHORT: donchian_low20 + 3.0xATR(30)  |  filter=volume_spike(1.2)  |  exit=ATR stop 1.0x / target 5.0x,donchian_low20|volume_spike|atr_stop_target|short,6,6.0,False,0,10,42,0,0.0,0.0,0.0,3,-0.3,1.07,0.02,16,-4.2,0.49,-0.81,0,0.0,,,0,0.0,,,1,-1.3,0.0,,10,-3.2,0.41,-0.83,6,-8.4,0.0,-1.24,6,-0.9,0.62,-0.35,0,0.0,,,0,0.0,,
S0808415,LONG: hod_running + 3.0xATR(30)  |  filter=time_window_open  |  exit=ATR stop 2.0x / target 5.0x,hod_running|time_window_open|atr_stop_target|long,6,6.0,False,0,10,10,0,0.0,0.0,0.0,0,0.0,,,10,-4.0,0.56,-0.58,0,0.0,,,0,0.0,,,0,0.0,,,0,0.0,,,0,0.0,,,0,0.0,,,0,0.0,,,0,0.0,,
S7580269,LONG: hod_running + 3.0xATR(14)  |  filter=time_window_open  |  exit=EOD (close at end of session),hod_running|time_window_open|eod_exit|long,4,6.0,False,0,10,6,0,0.0,0.0,0.0,0,0.0,,,6,-0.6,0.9,-0.08,0,0.0,,,0,0.0,,,0,0.0,,,0,0.0,,,0,0.0,,,0,0.0,,,0,0.0,,,0,0.0,,
S7541259,SHORT: lod_running + 1.5xATR(30)  |  filter=atr_contraction(0.9)  |  exit=EOD (close at end of session),lod_running|atr_contraction|eod_exit|short,4,6.0,False,0,10,14,0,0.0,0.0,0.0,0,0.0,,,7,-1.5,0.61,-0.35,0,0.0,,,5,-0.4,0.47,-0.51,0,0.0,,,1,-0.4,0.0,,0,0.0,,,1,-0.5,0.0,,0,0.0,,,0,0.0,,
